#CODIGO,DESCRICAO,UF
"0001","PRONAF - PROGRAMA NACIONAL DE FORTALECIMENTO DA AGRICULTURA FAMILIAR","TO"
"0001","PRONAF - PROGRAMA NACIONAL DE FORTALECIMENTO DA AGRICULTURA FAMILIAR","SP"
"0001","PRONAF - PROGRAMA NACIONAL DE FORTALECIMENTO DA AGRICULTURA FAMILIAR","SE"
"0001","PRONAF - PROGRAMA NACIONAL DE FORTALECIMENTO DA AGRICULTURA FAMILIAR","SC"
"0001","PRONAF - PROGRAMA NACIONAL DE FORTALECIMENTO DA AGRICULTURA FAMILIAR","RS"
"0001","PRONAF - PROGRAMA NACIONAL DE FORTALECIMENTO DA AGRICULTURA FAMILIAR","RR"
"0001","PRONAF - PROGRAMA NACIONAL DE FORTALECIMENTO DA AGRICULTURA FAMILIAR","RO"
"0001","PRONAF - PROGRAMA NACIONAL DE FORTALECIMENTO DA AGRICULTURA FAMILIAR","RN"
"0001","PRONAF - PROGRAMA NACIONAL DE FORTALECIMENTO DA AGRICULTURA FAMILIAR","RJ"
"0001","PRONAF - PROGRAMA NACIONAL DE FORTALECIMENTO DA AGRICULTURA FAMILIAR","PR"
"0001","PRONAF - PROGRAMA NACIONAL DE FORTALECIMENTO DA AGRICULTURA FAMILIAR","PI"
"0001","PRONAF - PROGRAMA NACIONAL DE FORTALECIMENTO DA AGRICULTURA FAMILIAR","PE"
"0001","PRONAF - PROGRAMA NACIONAL DE FORTALECIMENTO DA AGRICULTURA FAMILIAR","PB"
"0001","PRONAF - PROGRAMA NACIONAL DE FORTALECIMENTO DA AGRICULTURA FAMILIAR","PA"
"0001","PRONAF - PROGRAMA NACIONAL DE FORTALECIMENTO DA AGRICULTURA FAMILIAR","MT"
"0001","PRONAF - PROGRAMA NACIONAL DE FORTALECIMENTO DA AGRICULTURA FAMILIAR","MS"
"0001","PRONAF - PROGRAMA NACIONAL DE FORTALECIMENTO DA AGRICULTURA FAMILIAR","MG"
"0001","PRONAF - PROGRAMA NACIONAL DE FORTALECIMENTO DA AGRICULTURA FAMILIAR","MA"
"0001","PRONAF - PROGRAMA NACIONAL DE FORTALECIMENTO DA AGRICULTURA FAMILIAR","GO"
"0001","PRONAF - PROGRAMA NACIONAL DE FORTALECIMENTO DA AGRICULTURA FAMILIAR","ES"
"0001","PRONAF - PROGRAMA NACIONAL DE FORTALECIMENTO DA AGRICULTURA FAMILIAR","DF"
"0001","PRONAF - PROGRAMA NACIONAL DE FORTALECIMENTO DA AGRICULTURA FAMILIAR","CE"
"0001","PRONAF - PROGRAMA NACIONAL DE FORTALECIMENTO DA AGRICULTURA FAMILIAR","BA"
"0001","PRONAF - PROGRAMA NACIONAL DE FORTALECIMENTO DA AGRICULTURA FAMILIAR","AP"
"0001","PRONAF - PROGRAMA NACIONAL DE FORTALECIMENTO DA AGRICULTURA FAMILIAR","AM"
"0001","PRONAF - PROGRAMA NACIONAL DE FORTALECIMENTO DA AGRICULTURA FAMILIAR","AL"
"0001","PRONAF - PROGRAMA NACIONAL DE FORTALECIMENTO DA AGRICULTURA FAMILIAR","AC"
"0100","PRLC-BA (PROG RECUP LAVOURA CACAUEIRA BAIANA) ENCERRADO","BA"
"0110","PRODECER III - PROG COOP NIPO-BRASILEIRA P DESENV DOS CERRADOS - ENCERRADO","TO"
"0110","PRODECER III - PROG COOP NIPO-BRASILEIRA P DESENV DOS CERRADOS - ENCERRADO","SP"
"0110","PRODECER III - PROG COOP NIPO-BRASILEIRA P DESENV DOS CERRADOS - ENCERRADO","SE"
"0110","PRODECER III - PROG COOP NIPO-BRASILEIRA P DESENV DOS CERRADOS - ENCERRADO","SC"
"0110","PRODECER III - PROG COOP NIPO-BRASILEIRA P DESENV DOS CERRADOS - ENCERRADO","RS"
"0110","PRODECER III - PROG COOP NIPO-BRASILEIRA P DESENV DOS CERRADOS - ENCERRADO","RR"
"0110","PRODECER III - PROG COOP NIPO-BRASILEIRA P DESENV DOS CERRADOS - ENCERRADO","RO"
"0110","PRODECER III - PROG COOP NIPO-BRASILEIRA P DESENV DOS CERRADOS - ENCERRADO","RN"
"0110","PRODECER III - PROG COOP NIPO-BRASILEIRA P DESENV DOS CERRADOS - ENCERRADO","RJ"
"0110","PRODECER III - PROG COOP NIPO-BRASILEIRA P DESENV DOS CERRADOS - ENCERRADO","PR"
"0110","PRODECER III - PROG COOP NIPO-BRASILEIRA P DESENV DOS CERRADOS - ENCERRADO","PI"
"0110","PRODECER III - PROG COOP NIPO-BRASILEIRA P DESENV DOS CERRADOS - ENCERRADO","PE"
"0110","PRODECER III - PROG COOP NIPO-BRASILEIRA P DESENV DOS CERRADOS - ENCERRADO","PB"
"0110","PRODECER III - PROG COOP NIPO-BRASILEIRA P DESENV DOS CERRADOS - ENCERRADO","PA"
"0110","PRODECER III - PROG COOP NIPO-BRASILEIRA P DESENV DOS CERRADOS - ENCERRADO","MT"
"0110","PRODECER III - PROG COOP NIPO-BRASILEIRA P DESENV DOS CERRADOS - ENCERRADO","MS"
"0110","PRODECER III - PROG COOP NIPO-BRASILEIRA P DESENV DOS CERRADOS - ENCERRADO","MG"
"0110","PRODECER III - PROG COOP NIPO-BRASILEIRA P DESENV DOS CERRADOS - ENCERRADO","MA"
"0110","PRODECER III - PROG COOP NIPO-BRASILEIRA P DESENV DOS CERRADOS - ENCERRADO","GO"
"0110","PRODECER III - PROG COOP NIPO-BRASILEIRA P DESENV DOS CERRADOS - ENCERRADO","ES"
"0110","PRODECER III - PROG COOP NIPO-BRASILEIRA P DESENV DOS CERRADOS - ENCERRADO","DF"
"0110","PRODECER III - PROG COOP NIPO-BRASILEIRA P DESENV DOS CERRADOS - ENCERRADO","CE"
"0110","PRODECER III - PROG COOP NIPO-BRASILEIRA P DESENV DOS CERRADOS - ENCERRADO","BA"
"0110","PRODECER III - PROG COOP NIPO-BRASILEIRA P DESENV DOS CERRADOS - ENCERRADO","AP"
"0110","PRODECER III - PROG COOP NIPO-BRASILEIRA P DESENV DOS CERRADOS - ENCERRADO","AM"
"0110","PRODECER III - PROG COOP NIPO-BRASILEIRA P DESENV DOS CERRADOS - ENCERRADO","AL"
"0110","PRODECER III - PROG COOP NIPO-BRASILEIRA P DESENV DOS CERRADOS - ENCERRADO","AC"
"0151","PROCAP-AGRO (PROGRAMA DE CAPITALIZAÇÃO DAS COOPERATIVAS DE PRODUÇÃO AGROPECUÁRIAS)","TO"
"0151","PROCAP-AGRO (PROGRAMA DE CAPITALIZAÇÃO DAS COOPERATIVAS DE PRODUÇÃO AGROPECUÁRIAS)","SP"
"0151","PROCAP-AGRO (PROGRAMA DE CAPITALIZAÇÃO DAS COOPERATIVAS DE PRODUÇÃO AGROPECUÁRIAS)","SE"
"0151","PROCAP-AGRO (PROGRAMA DE CAPITALIZAÇÃO DAS COOPERATIVAS DE PRODUÇÃO AGROPECUÁRIAS)","SC"
"0151","PROCAP-AGRO (PROGRAMA DE CAPITALIZAÇÃO DAS COOPERATIVAS DE PRODUÇÃO AGROPECUÁRIAS)","RS"
"0151","PROCAP-AGRO (PROGRAMA DE CAPITALIZAÇÃO DAS COOPERATIVAS DE PRODUÇÃO AGROPECUÁRIAS)","RR"
"0151","PROCAP-AGRO (PROGRAMA DE CAPITALIZAÇÃO DAS COOPERATIVAS DE PRODUÇÃO AGROPECUÁRIAS)","RO"
"0151","PROCAP-AGRO (PROGRAMA DE CAPITALIZAÇÃO DAS COOPERATIVAS DE PRODUÇÃO AGROPECUÁRIAS)","RN"
"0151","PROCAP-AGRO (PROGRAMA DE CAPITALIZAÇÃO DAS COOPERATIVAS DE PRODUÇÃO AGROPECUÁRIAS)","RJ"
"0151","PROCAP-AGRO (PROGRAMA DE CAPITALIZAÇÃO DAS COOPERATIVAS DE PRODUÇÃO AGROPECUÁRIAS)","PR"
"0151","PROCAP-AGRO (PROGRAMA DE CAPITALIZAÇÃO DAS COOPERATIVAS DE PRODUÇÃO AGROPECUÁRIAS)","PI"
"0151","PROCAP-AGRO (PROGRAMA DE CAPITALIZAÇÃO DAS COOPERATIVAS DE PRODUÇÃO AGROPECUÁRIAS)","PE"
"0151","PROCAP-AGRO (PROGRAMA DE CAPITALIZAÇÃO DAS COOPERATIVAS DE PRODUÇÃO AGROPECUÁRIAS)","PB"
"0151","PROCAP-AGRO (PROGRAMA DE CAPITALIZAÇÃO DAS COOPERATIVAS DE PRODUÇÃO AGROPECUÁRIAS)","PA"
"0151","PROCAP-AGRO (PROGRAMA DE CAPITALIZAÇÃO DAS COOPERATIVAS DE PRODUÇÃO AGROPECUÁRIAS)","MT"
"0151","PROCAP-AGRO (PROGRAMA DE CAPITALIZAÇÃO DAS COOPERATIVAS DE PRODUÇÃO AGROPECUÁRIAS)","MS"
"0151","PROCAP-AGRO (PROGRAMA DE CAPITALIZAÇÃO DAS COOPERATIVAS DE PRODUÇÃO AGROPECUÁRIAS)","MG"
"0151","PROCAP-AGRO (PROGRAMA DE CAPITALIZAÇÃO DAS COOPERATIVAS DE PRODUÇÃO AGROPECUÁRIAS)","MA"
"0151","PROCAP-AGRO (PROGRAMA DE CAPITALIZAÇÃO DAS COOPERATIVAS DE PRODUÇÃO AGROPECUÁRIAS)","GO"
"0151","PROCAP-AGRO (PROGRAMA DE CAPITALIZAÇÃO DAS COOPERATIVAS DE PRODUÇÃO AGROPECUÁRIAS)","ES"
"0151","PROCAP-AGRO (PROGRAMA DE CAPITALIZAÇÃO DAS COOPERATIVAS DE PRODUÇÃO AGROPECUÁRIAS)","DF"
"0151","PROCAP-AGRO (PROGRAMA DE CAPITALIZAÇÃO DAS COOPERATIVAS DE PRODUÇÃO AGROPECUÁRIAS)","CE"
"0151","PROCAP-AGRO (PROGRAMA DE CAPITALIZAÇÃO DAS COOPERATIVAS DE PRODUÇÃO AGROPECUÁRIAS)","BA"
"0151","PROCAP-AGRO (PROGRAMA DE CAPITALIZAÇÃO DAS COOPERATIVAS DE PRODUÇÃO AGROPECUÁRIAS)","AP"
"0151","PROCAP-AGRO (PROGRAMA DE CAPITALIZAÇÃO DAS COOPERATIVAS DE PRODUÇÃO AGROPECUÁRIAS)","AM"
"0151","PROCAP-AGRO (PROGRAMA DE CAPITALIZAÇÃO DAS COOPERATIVAS DE PRODUÇÃO AGROPECUÁRIAS)","AL"
"0151","PROCAP-AGRO (PROGRAMA DE CAPITALIZAÇÃO DAS COOPERATIVAS DE PRODUÇÃO AGROPECUÁRIAS)","AC"
"0152","PROIRRIGA - antigo Moderinfra, alterado em 01/07/2021","TO"
"0152","PROIRRIGA - antigo Moderinfra, alterado em 01/07/2021","SP"
"0152","PROIRRIGA - antigo Moderinfra, alterado em 01/07/2021","SE"
"0152","PROIRRIGA - antigo Moderinfra, alterado em 01/07/2021","SC"
"0152","PROIRRIGA - antigo Moderinfra, alterado em 01/07/2021","RS"
"0152","PROIRRIGA - antigo Moderinfra, alterado em 01/07/2021","RR"
"0152","PROIRRIGA - antigo Moderinfra, alterado em 01/07/2021","RO"
"0152","PROIRRIGA - antigo Moderinfra, alterado em 01/07/2021","RN"
"0152","PROIRRIGA - antigo Moderinfra, alterado em 01/07/2021","RJ"
"0152","PROIRRIGA - antigo Moderinfra, alterado em 01/07/2021","PR"
"0152","PROIRRIGA - antigo Moderinfra, alterado em 01/07/2021","PI"
"0152","PROIRRIGA - antigo Moderinfra, alterado em 01/07/2021","PE"
"0152","PROIRRIGA - antigo Moderinfra, alterado em 01/07/2021","PB"
"0152","PROIRRIGA - antigo Moderinfra, alterado em 01/07/2021","PA"
"0152","PROIRRIGA - antigo Moderinfra, alterado em 01/07/2021","MT"
"0152","PROIRRIGA - antigo Moderinfra, alterado em 01/07/2021","MS"
"0152","PROIRRIGA - antigo Moderinfra, alterado em 01/07/2021","MG"
"0152","PROIRRIGA - antigo Moderinfra, alterado em 01/07/2021","MA"
"0152","PROIRRIGA - antigo Moderinfra, alterado em 01/07/2021","GO"
"0152","PROIRRIGA - antigo Moderinfra, alterado em 01/07/2021","ES"
"0152","PROIRRIGA - antigo Moderinfra, alterado em 01/07/2021","DF"
"0152","PROIRRIGA - antigo Moderinfra, alterado em 01/07/2021","CE"
"0152","PROIRRIGA - antigo Moderinfra, alterado em 01/07/2021","BA"
"0152","PROIRRIGA - antigo Moderinfra, alterado em 01/07/2021","AP"
"0152","PROIRRIGA - antigo Moderinfra, alterado em 01/07/2021","AM"
"0152","PROIRRIGA - antigo Moderinfra, alterado em 01/07/2021","AL"
"0152","PROIRRIGA - antigo Moderinfra, alterado em 01/07/2021","AC"
"0153","MODERAGRO - PROGRAMA DE MODERNIZAÇÃO DA AGRICULTURA E CONSERVAÇÃO DE RECURSOS NATURAIS","TO"
"0153","MODERAGRO - PROGRAMA DE MODERNIZAÇÃO DA AGRICULTURA E CONSERVAÇÃO DE RECURSOS NATURAIS","SP"
"0153","MODERAGRO - PROGRAMA DE MODERNIZAÇÃO DA AGRICULTURA E CONSERVAÇÃO DE RECURSOS NATURAIS","SE"
"0153","MODERAGRO - PROGRAMA DE MODERNIZAÇÃO DA AGRICULTURA E CONSERVAÇÃO DE RECURSOS NATURAIS","SC"
"0153","MODERAGRO - PROGRAMA DE MODERNIZAÇÃO DA AGRICULTURA E CONSERVAÇÃO DE RECURSOS NATURAIS","RS"
"0153","MODERAGRO - PROGRAMA DE MODERNIZAÇÃO DA AGRICULTURA E CONSERVAÇÃO DE RECURSOS NATURAIS","RR"
"0153","MODERAGRO - PROGRAMA DE MODERNIZAÇÃO DA AGRICULTURA E CONSERVAÇÃO DE RECURSOS NATURAIS","RO"
"0153","MODERAGRO - PROGRAMA DE MODERNIZAÇÃO DA AGRICULTURA E CONSERVAÇÃO DE RECURSOS NATURAIS","RN"
"0153","MODERAGRO - PROGRAMA DE MODERNIZAÇÃO DA AGRICULTURA E CONSERVAÇÃO DE RECURSOS NATURAIS","RJ"
"0153","MODERAGRO - PROGRAMA DE MODERNIZAÇÃO DA AGRICULTURA E CONSERVAÇÃO DE RECURSOS NATURAIS","PR"
"0153","MODERAGRO - PROGRAMA DE MODERNIZAÇÃO DA AGRICULTURA E CONSERVAÇÃO DE RECURSOS NATURAIS","PI"
"0153","MODERAGRO - PROGRAMA DE MODERNIZAÇÃO DA AGRICULTURA E CONSERVAÇÃO DE RECURSOS NATURAIS","PE"
"0153","MODERAGRO - PROGRAMA DE MODERNIZAÇÃO DA AGRICULTURA E CONSERVAÇÃO DE RECURSOS NATURAIS","PB"
"0153","MODERAGRO - PROGRAMA DE MODERNIZAÇÃO DA AGRICULTURA E CONSERVAÇÃO DE RECURSOS NATURAIS","PA"
"0153","MODERAGRO - PROGRAMA DE MODERNIZAÇÃO DA AGRICULTURA E CONSERVAÇÃO DE RECURSOS NATURAIS","MT"
"0153","MODERAGRO - PROGRAMA DE MODERNIZAÇÃO DA AGRICULTURA E CONSERVAÇÃO DE RECURSOS NATURAIS","MS"
"0153","MODERAGRO - PROGRAMA DE MODERNIZAÇÃO DA AGRICULTURA E CONSERVAÇÃO DE RECURSOS NATURAIS","MG"
"0153","MODERAGRO - PROGRAMA DE MODERNIZAÇÃO DA AGRICULTURA E CONSERVAÇÃO DE RECURSOS NATURAIS","MA"
"0153","MODERAGRO - PROGRAMA DE MODERNIZAÇÃO DA AGRICULTURA E CONSERVAÇÃO DE RECURSOS NATURAIS","GO"
"0153","MODERAGRO - PROGRAMA DE MODERNIZAÇÃO DA AGRICULTURA E CONSERVAÇÃO DE RECURSOS NATURAIS","ES"
"0153","MODERAGRO - PROGRAMA DE MODERNIZAÇÃO DA AGRICULTURA E CONSERVAÇÃO DE RECURSOS NATURAIS","DF"
"0153","MODERAGRO - PROGRAMA DE MODERNIZAÇÃO DA AGRICULTURA E CONSERVAÇÃO DE RECURSOS NATURAIS","CE"
"0153","MODERAGRO - PROGRAMA DE MODERNIZAÇÃO DA AGRICULTURA E CONSERVAÇÃO DE RECURSOS NATURAIS","BA"
"0153","MODERAGRO - PROGRAMA DE MODERNIZAÇÃO DA AGRICULTURA E CONSERVAÇÃO DE RECURSOS NATURAIS","AP"
"0153","MODERAGRO - PROGRAMA DE MODERNIZAÇÃO DA AGRICULTURA E CONSERVAÇÃO DE RECURSOS NATURAIS","AM"
"0153","MODERAGRO - PROGRAMA DE MODERNIZAÇÃO DA AGRICULTURA E CONSERVAÇÃO DE RECURSOS NATURAIS","AL"
"0153","MODERAGRO - PROGRAMA DE MODERNIZAÇÃO DA AGRICULTURA E CONSERVAÇÃO DE RECURSOS NATURAIS","AC"
"0154","MODERFROTA - PROGRAMA DE MODERNIZAÇÃO DA FROTA DE TRATORES AGRÍCOLAS E IMPL ASSOC E COLHEITADEIRAS","TO"
"0154","MODERFROTA - PROGRAMA DE MODERNIZAÇÃO DA FROTA DE TRATORES AGRÍCOLAS E IMPL ASSOC E COLHEITADEIRAS","SP"
"0154","MODERFROTA - PROGRAMA DE MODERNIZAÇÃO DA FROTA DE TRATORES AGRÍCOLAS E IMPL ASSOC E COLHEITADEIRAS","SE"
"0154","MODERFROTA - PROGRAMA DE MODERNIZAÇÃO DA FROTA DE TRATORES AGRÍCOLAS E IMPL ASSOC E COLHEITADEIRAS","SC"
"0154","MODERFROTA - PROGRAMA DE MODERNIZAÇÃO DA FROTA DE TRATORES AGRÍCOLAS E IMPL ASSOC E COLHEITADEIRAS","RS"
"0154","MODERFROTA - PROGRAMA DE MODERNIZAÇÃO DA FROTA DE TRATORES AGRÍCOLAS E IMPL ASSOC E COLHEITADEIRAS","RR"
"0154","MODERFROTA - PROGRAMA DE MODERNIZAÇÃO DA FROTA DE TRATORES AGRÍCOLAS E IMPL ASSOC E COLHEITADEIRAS","RO"
"0154","MODERFROTA - PROGRAMA DE MODERNIZAÇÃO DA FROTA DE TRATORES AGRÍCOLAS E IMPL ASSOC E COLHEITADEIRAS","RN"
"0154","MODERFROTA - PROGRAMA DE MODERNIZAÇÃO DA FROTA DE TRATORES AGRÍCOLAS E IMPL ASSOC E COLHEITADEIRAS","RJ"
"0154","MODERFROTA - PROGRAMA DE MODERNIZAÇÃO DA FROTA DE TRATORES AGRÍCOLAS E IMPL ASSOC E COLHEITADEIRAS","PR"
"0154","MODERFROTA - PROGRAMA DE MODERNIZAÇÃO DA FROTA DE TRATORES AGRÍCOLAS E IMPL ASSOC E COLHEITADEIRAS","PI"
"0154","MODERFROTA - PROGRAMA DE MODERNIZAÇÃO DA FROTA DE TRATORES AGRÍCOLAS E IMPL ASSOC E COLHEITADEIRAS","PE"
"0154","MODERFROTA - PROGRAMA DE MODERNIZAÇÃO DA FROTA DE TRATORES AGRÍCOLAS E IMPL ASSOC E COLHEITADEIRAS","PB"
"0154","MODERFROTA - PROGRAMA DE MODERNIZAÇÃO DA FROTA DE TRATORES AGRÍCOLAS E IMPL ASSOC E COLHEITADEIRAS","PA"
"0154","MODERFROTA - PROGRAMA DE MODERNIZAÇÃO DA FROTA DE TRATORES AGRÍCOLAS E IMPL ASSOC E COLHEITADEIRAS","MT"
"0154","MODERFROTA - PROGRAMA DE MODERNIZAÇÃO DA FROTA DE TRATORES AGRÍCOLAS E IMPL ASSOC E COLHEITADEIRAS","MS"
"0154","MODERFROTA - PROGRAMA DE MODERNIZAÇÃO DA FROTA DE TRATORES AGRÍCOLAS E IMPL ASSOC E COLHEITADEIRAS","MG"
"0154","MODERFROTA - PROGRAMA DE MODERNIZAÇÃO DA FROTA DE TRATORES AGRÍCOLAS E IMPL ASSOC E COLHEITADEIRAS","MA"
"0154","MODERFROTA - PROGRAMA DE MODERNIZAÇÃO DA FROTA DE TRATORES AGRÍCOLAS E IMPL ASSOC E COLHEITADEIRAS","GO"
"0154","MODERFROTA - PROGRAMA DE MODERNIZAÇÃO DA FROTA DE TRATORES AGRÍCOLAS E IMPL ASSOC E COLHEITADEIRAS","ES"
"0154","MODERFROTA - PROGRAMA DE MODERNIZAÇÃO DA FROTA DE TRATORES AGRÍCOLAS E IMPL ASSOC E COLHEITADEIRAS","DF"
"0154","MODERFROTA - PROGRAMA DE MODERNIZAÇÃO DA FROTA DE TRATORES AGRÍCOLAS E IMPL ASSOC E COLHEITADEIRAS","CE"
"0154","MODERFROTA - PROGRAMA DE MODERNIZAÇÃO DA FROTA DE TRATORES AGRÍCOLAS E IMPL ASSOC E COLHEITADEIRAS","BA"
"0154","MODERFROTA - PROGRAMA DE MODERNIZAÇÃO DA FROTA DE TRATORES AGRÍCOLAS E IMPL ASSOC E COLHEITADEIRAS","AP"
"0154","MODERFROTA - PROGRAMA DE MODERNIZAÇÃO DA FROTA DE TRATORES AGRÍCOLAS E IMPL ASSOC E COLHEITADEIRAS","AM"
"0154","MODERFROTA - PROGRAMA DE MODERNIZAÇÃO DA FROTA DE TRATORES AGRÍCOLAS E IMPL ASSOC E COLHEITADEIRAS","AL"
"0154","MODERFROTA - PROGRAMA DE MODERNIZAÇÃO DA FROTA DE TRATORES AGRÍCOLAS E IMPL ASSOC E COLHEITADEIRAS","AC"
"0155","PRODECOOP - PROGRAMA DE DESENVOLVIMENTO COOPERATIVO PARA AGREGAÇÃO DE VALOR À PRODUÇÃO AGROPECUÁRIA","TO"
"0155","PRODECOOP - PROGRAMA DE DESENVOLVIMENTO COOPERATIVO PARA AGREGAÇÃO DE VALOR À PRODUÇÃO AGROPECUÁRIA","SP"
"0155","PRODECOOP - PROGRAMA DE DESENVOLVIMENTO COOPERATIVO PARA AGREGAÇÃO DE VALOR À PRODUÇÃO AGROPECUÁRIA","SE"
"0155","PRODECOOP - PROGRAMA DE DESENVOLVIMENTO COOPERATIVO PARA AGREGAÇÃO DE VALOR À PRODUÇÃO AGROPECUÁRIA","SC"
"0155","PRODECOOP - PROGRAMA DE DESENVOLVIMENTO COOPERATIVO PARA AGREGAÇÃO DE VALOR À PRODUÇÃO AGROPECUÁRIA","RS"
"0155","PRODECOOP - PROGRAMA DE DESENVOLVIMENTO COOPERATIVO PARA AGREGAÇÃO DE VALOR À PRODUÇÃO AGROPECUÁRIA","RR"
"0155","PRODECOOP - PROGRAMA DE DESENVOLVIMENTO COOPERATIVO PARA AGREGAÇÃO DE VALOR À PRODUÇÃO AGROPECUÁRIA","RO"
"0155","PRODECOOP - PROGRAMA DE DESENVOLVIMENTO COOPERATIVO PARA AGREGAÇÃO DE VALOR À PRODUÇÃO AGROPECUÁRIA","RN"
"0155","PRODECOOP - PROGRAMA DE DESENVOLVIMENTO COOPERATIVO PARA AGREGAÇÃO DE VALOR À PRODUÇÃO AGROPECUÁRIA","RJ"
"0155","PRODECOOP - PROGRAMA DE DESENVOLVIMENTO COOPERATIVO PARA AGREGAÇÃO DE VALOR À PRODUÇÃO AGROPECUÁRIA","PR"
"0155","PRODECOOP - PROGRAMA DE DESENVOLVIMENTO COOPERATIVO PARA AGREGAÇÃO DE VALOR À PRODUÇÃO AGROPECUÁRIA","PI"
"0155","PRODECOOP - PROGRAMA DE DESENVOLVIMENTO COOPERATIVO PARA AGREGAÇÃO DE VALOR À PRODUÇÃO AGROPECUÁRIA","PE"
"0155","PRODECOOP - PROGRAMA DE DESENVOLVIMENTO COOPERATIVO PARA AGREGAÇÃO DE VALOR À PRODUÇÃO AGROPECUÁRIA","PB"
"0155","PRODECOOP - PROGRAMA DE DESENVOLVIMENTO COOPERATIVO PARA AGREGAÇÃO DE VALOR À PRODUÇÃO AGROPECUÁRIA","PA"
"0155","PRODECOOP - PROGRAMA DE DESENVOLVIMENTO COOPERATIVO PARA AGREGAÇÃO DE VALOR À PRODUÇÃO AGROPECUÁRIA","MT"
"0155","PRODECOOP - PROGRAMA DE DESENVOLVIMENTO COOPERATIVO PARA AGREGAÇÃO DE VALOR À PRODUÇÃO AGROPECUÁRIA","MS"
"0155","PRODECOOP - PROGRAMA DE DESENVOLVIMENTO COOPERATIVO PARA AGREGAÇÃO DE VALOR À PRODUÇÃO AGROPECUÁRIA","MG"
"0155","PRODECOOP - PROGRAMA DE DESENVOLVIMENTO COOPERATIVO PARA AGREGAÇÃO DE VALOR À PRODUÇÃO AGROPECUÁRIA","MA"
"0155","PRODECOOP - PROGRAMA DE DESENVOLVIMENTO COOPERATIVO PARA AGREGAÇÃO DE VALOR À PRODUÇÃO AGROPECUÁRIA","GO"
"0155","PRODECOOP - PROGRAMA DE DESENVOLVIMENTO COOPERATIVO PARA AGREGAÇÃO DE VALOR À PRODUÇÃO AGROPECUÁRIA","ES"
"0155","PRODECOOP - PROGRAMA DE DESENVOLVIMENTO COOPERATIVO PARA AGREGAÇÃO DE VALOR À PRODUÇÃO AGROPECUÁRIA","DF"
"0155","PRODECOOP - PROGRAMA DE DESENVOLVIMENTO COOPERATIVO PARA AGREGAÇÃO DE VALOR À PRODUÇÃO AGROPECUÁRIA","CE"
"0155","PRODECOOP - PROGRAMA DE DESENVOLVIMENTO COOPERATIVO PARA AGREGAÇÃO DE VALOR À PRODUÇÃO AGROPECUÁRIA","BA"
"0155","PRODECOOP - PROGRAMA DE DESENVOLVIMENTO COOPERATIVO PARA AGREGAÇÃO DE VALOR À PRODUÇÃO AGROPECUÁRIA","AP"
"0155","PRODECOOP - PROGRAMA DE DESENVOLVIMENTO COOPERATIVO PARA AGREGAÇÃO DE VALOR À PRODUÇÃO AGROPECUÁRIA","AM"
"0155","PRODECOOP - PROGRAMA DE DESENVOLVIMENTO COOPERATIVO PARA AGREGAÇÃO DE VALOR À PRODUÇÃO AGROPECUÁRIA","AL"
"0155","PRODECOOP - PROGRAMA DE DESENVOLVIMENTO COOPERATIVO PARA AGREGAÇÃO DE VALOR À PRODUÇÃO AGROPECUÁRIA","AC"
"0156","ABC + "Programa para a Adaptação à Mudança do Clima e Baixa Emissão de Carbono"","TO"
"0156","ABC + "Programa para a Adaptação à Mudança do Clima e Baixa Emissão de Carbono"","SP"
"0156","ABC + "Programa para a Adaptação à Mudança do Clima e Baixa Emissão de Carbono"","SE"
"0156","ABC + "Programa para a Adaptação à Mudança do Clima e Baixa Emissão de Carbono"","SC"
"0156","ABC + "Programa para a Adaptação à Mudança do Clima e Baixa Emissão de Carbono"","RS"
"0156","ABC + "Programa para a Adaptação à Mudança do Clima e Baixa Emissão de Carbono"","RR"
"0156","ABC + "Programa para a Adaptação à Mudança do Clima e Baixa Emissão de Carbono"","RO"
"0156","ABC + "Programa para a Adaptação à Mudança do Clima e Baixa Emissão de Carbono"","RN"
"0156","ABC + "Programa para a Adaptação à Mudança do Clima e Baixa Emissão de Carbono"","RJ"
"0156","ABC + "Programa para a Adaptação à Mudança do Clima e Baixa Emissão de Carbono"","PR"
"0156","ABC + "Programa para a Adaptação à Mudança do Clima e Baixa Emissão de Carbono"","PI"
"0156","ABC + "Programa para a Adaptação à Mudança do Clima e Baixa Emissão de Carbono"","PE"
"0156","ABC + "Programa para a Adaptação à Mudança do Clima e Baixa Emissão de Carbono"","PB"
"0156","ABC + "Programa para a Adaptação à Mudança do Clima e Baixa Emissão de Carbono"","PA"
"0156","ABC + "Programa para a Adaptação à Mudança do Clima e Baixa Emissão de Carbono"","MT"
"0156","ABC + "Programa para a Adaptação à Mudança do Clima e Baixa Emissão de Carbono"","MS"
"0156","ABC + "Programa para a Adaptação à Mudança do Clima e Baixa Emissão de Carbono"","MG"
"0156","ABC + "Programa para a Adaptação à Mudança do Clima e Baixa Emissão de Carbono"","MA"
"0156","ABC + "Programa para a Adaptação à Mudança do Clima e Baixa Emissão de Carbono"","GO"
"0156","ABC + "Programa para a Adaptação à Mudança do Clima e Baixa Emissão de Carbono"","ES"
"0156","ABC + "Programa para a Adaptação à Mudança do Clima e Baixa Emissão de Carbono"","DF"
"0156","ABC + "Programa para a Adaptação à Mudança do Clima e Baixa Emissão de Carbono"","CE"
"0156","ABC + "Programa para a Adaptação à Mudança do Clima e Baixa Emissão de Carbono"","BA"
"0156","ABC + "Programa para a Adaptação à Mudança do Clima e Baixa Emissão de Carbono"","AP"
"0156","ABC + "Programa para a Adaptação à Mudança do Clima e Baixa Emissão de Carbono"","AM"
"0156","ABC + "Programa para a Adaptação à Mudança do Clima e Baixa Emissão de Carbono"","AL"
"0156","ABC + "Programa para a Adaptação à Mudança do Clima e Baixa Emissão de Carbono"","AC"
"0157","PSI-RURAL - PROG SUSTENTAÇÃO  INVESTIMENTO ENCERRADO","TO"
"0157","PSI-RURAL - PROG SUSTENTAÇÃO  INVESTIMENTO ENCERRADO","SP"
"0157","PSI-RURAL - PROG SUSTENTAÇÃO  INVESTIMENTO ENCERRADO","SE"
"0157","PSI-RURAL - PROG SUSTENTAÇÃO  INVESTIMENTO ENCERRADO","SC"
"0157","PSI-RURAL - PROG SUSTENTAÇÃO  INVESTIMENTO ENCERRADO","RS"
"0157","PSI-RURAL - PROG SUSTENTAÇÃO  INVESTIMENTO ENCERRADO","RR"
"0157","PSI-RURAL - PROG SUSTENTAÇÃO  INVESTIMENTO ENCERRADO","RO"
"0157","PSI-RURAL - PROG SUSTENTAÇÃO  INVESTIMENTO ENCERRADO","RN"
"0157","PSI-RURAL - PROG SUSTENTAÇÃO  INVESTIMENTO ENCERRADO","RJ"
"0157","PSI-RURAL - PROG SUSTENTAÇÃO  INVESTIMENTO ENCERRADO","PR"
"0157","PSI-RURAL - PROG SUSTENTAÇÃO  INVESTIMENTO ENCERRADO","PI"
"0157","PSI-RURAL - PROG SUSTENTAÇÃO  INVESTIMENTO ENCERRADO","PE"
"0157","PSI-RURAL - PROG SUSTENTAÇÃO  INVESTIMENTO ENCERRADO","PB"
"0157","PSI-RURAL - PROG SUSTENTAÇÃO  INVESTIMENTO ENCERRADO","PA"
"0157","PSI-RURAL - PROG SUSTENTAÇÃO  INVESTIMENTO ENCERRADO","MT"
"0157","PSI-RURAL - PROG SUSTENTAÇÃO  INVESTIMENTO ENCERRADO","MS"
"0157","PSI-RURAL - PROG SUSTENTAÇÃO  INVESTIMENTO ENCERRADO","MG"
"0157","PSI-RURAL - PROG SUSTENTAÇÃO  INVESTIMENTO ENCERRADO","MA"
"0157","PSI-RURAL - PROG SUSTENTAÇÃO  INVESTIMENTO ENCERRADO","GO"
"0157","PSI-RURAL - PROG SUSTENTAÇÃO  INVESTIMENTO ENCERRADO","ES"
"0157","PSI-RURAL - PROG SUSTENTAÇÃO  INVESTIMENTO ENCERRADO","DF"
"0157","PSI-RURAL - PROG SUSTENTAÇÃO  INVESTIMENTO ENCERRADO","CE"
"0157","PSI-RURAL - PROG SUSTENTAÇÃO  INVESTIMENTO ENCERRADO","BA"
"0157","PSI-RURAL - PROG SUSTENTAÇÃO  INVESTIMENTO ENCERRADO","AP"
"0157","PSI-RURAL - PROG SUSTENTAÇÃO  INVESTIMENTO ENCERRADO","AM"
"0157","PSI-RURAL - PROG SUSTENTAÇÃO  INVESTIMENTO ENCERRADO","AL"
"0157","PSI-RURAL - PROG SUSTENTAÇÃO  INVESTIMENTO ENCERRADO","AC"
"0158","PROCAP-CRED (PROG CAPIT COOP CRÉDITO) ENCERRADO","TO"
"0158","PROCAP-CRED (PROG CAPIT COOP CRÉDITO) ENCERRADO","SP"
"0158","PROCAP-CRED (PROG CAPIT COOP CRÉDITO) ENCERRADO","SE"
"0158","PROCAP-CRED (PROG CAPIT COOP CRÉDITO) ENCERRADO","SC"
"0158","PROCAP-CRED (PROG CAPIT COOP CRÉDITO) ENCERRADO","RS"
"0158","PROCAP-CRED (PROG CAPIT COOP CRÉDITO) ENCERRADO","RR"
"0158","PROCAP-CRED (PROG CAPIT COOP CRÉDITO) ENCERRADO","RO"
"0158","PROCAP-CRED (PROG CAPIT COOP CRÉDITO) ENCERRADO","RN"
"0158","PROCAP-CRED (PROG CAPIT COOP CRÉDITO) ENCERRADO","RJ"
"0158","PROCAP-CRED (PROG CAPIT COOP CRÉDITO) ENCERRADO","PR"
"0158","PROCAP-CRED (PROG CAPIT COOP CRÉDITO) ENCERRADO","PI"
"0158","PROCAP-CRED (PROG CAPIT COOP CRÉDITO) ENCERRADO","PE"
"0158","PROCAP-CRED (PROG CAPIT COOP CRÉDITO) ENCERRADO","PB"
"0158","PROCAP-CRED (PROG CAPIT COOP CRÉDITO) ENCERRADO","PA"
"0158","PROCAP-CRED (PROG CAPIT COOP CRÉDITO) ENCERRADO","MT"
"0158","PROCAP-CRED (PROG CAPIT COOP CRÉDITO) ENCERRADO","MS"
"0158","PROCAP-CRED (PROG CAPIT COOP CRÉDITO) ENCERRADO","MG"
"0158","PROCAP-CRED (PROG CAPIT COOP CRÉDITO) ENCERRADO","MA"
"0158","PROCAP-CRED (PROG CAPIT COOP CRÉDITO) ENCERRADO","GO"
"0158","PROCAP-CRED (PROG CAPIT COOP CRÉDITO) ENCERRADO","ES"
"0158","PROCAP-CRED (PROG CAPIT COOP CRÉDITO) ENCERRADO","DF"
"0158","PROCAP-CRED (PROG CAPIT COOP CRÉDITO) ENCERRADO","CE"
"0158","PROCAP-CRED (PROG CAPIT COOP CRÉDITO) ENCERRADO","BA"
"0158","PROCAP-CRED (PROG CAPIT COOP CRÉDITO) ENCERRADO","AP"
"0158","PROCAP-CRED (PROG CAPIT COOP CRÉDITO) ENCERRADO","AM"
"0158","PROCAP-CRED (PROG CAPIT COOP CRÉDITO) ENCERRADO","AL"
"0158","PROCAP-CRED (PROG CAPIT COOP CRÉDITO) ENCERRADO","AC"
"0050","PRONAMP - PROGRAMA NACIONAL DE APOIO AO MÉDIO PRODUTOR RURAL","TO"
"0050","PRONAMP - PROGRAMA NACIONAL DE APOIO AO MÉDIO PRODUTOR RURAL","SP"
"0050","PRONAMP - PROGRAMA NACIONAL DE APOIO AO MÉDIO PRODUTOR RURAL","SE"
"0050","PRONAMP - PROGRAMA NACIONAL DE APOIO AO MÉDIO PRODUTOR RURAL","SC"
"0050","PRONAMP - PROGRAMA NACIONAL DE APOIO AO MÉDIO PRODUTOR RURAL","RS"
"0050","PRONAMP - PROGRAMA NACIONAL DE APOIO AO MÉDIO PRODUTOR RURAL","RR"
"0050","PRONAMP - PROGRAMA NACIONAL DE APOIO AO MÉDIO PRODUTOR RURAL","RO"
"0050","PRONAMP - PROGRAMA NACIONAL DE APOIO AO MÉDIO PRODUTOR RURAL","RN"
"0050","PRONAMP - PROGRAMA NACIONAL DE APOIO AO MÉDIO PRODUTOR RURAL","RJ"
"0050","PRONAMP - PROGRAMA NACIONAL DE APOIO AO MÉDIO PRODUTOR RURAL","PR"
"0050","PRONAMP - PROGRAMA NACIONAL DE APOIO AO MÉDIO PRODUTOR RURAL","PI"
"0050","PRONAMP - PROGRAMA NACIONAL DE APOIO AO MÉDIO PRODUTOR RURAL","PE"
"0050","PRONAMP - PROGRAMA NACIONAL DE APOIO AO MÉDIO PRODUTOR RURAL","PB"
"0050","PRONAMP - PROGRAMA NACIONAL DE APOIO AO MÉDIO PRODUTOR RURAL","PA"
"0050","PRONAMP - PROGRAMA NACIONAL DE APOIO AO MÉDIO PRODUTOR RURAL","MT"
"0050","PRONAMP - PROGRAMA NACIONAL DE APOIO AO MÉDIO PRODUTOR RURAL","MS"
"0050","PRONAMP - PROGRAMA NACIONAL DE APOIO AO MÉDIO PRODUTOR RURAL","MG"
"0050","PRONAMP - PROGRAMA NACIONAL DE APOIO AO MÉDIO PRODUTOR RURAL","MA"
"0050","PRONAMP - PROGRAMA NACIONAL DE APOIO AO MÉDIO PRODUTOR RURAL","GO"
"0050","PRONAMP - PROGRAMA NACIONAL DE APOIO AO MÉDIO PRODUTOR RURAL","ES"
"0050","PRONAMP - PROGRAMA NACIONAL DE APOIO AO MÉDIO PRODUTOR RURAL","DF"
"0050","PRONAMP - PROGRAMA NACIONAL DE APOIO AO MÉDIO PRODUTOR RURAL","CE"
"0050","PRONAMP - PROGRAMA NACIONAL DE APOIO AO MÉDIO PRODUTOR RURAL","BA"
"0050","PRONAMP - PROGRAMA NACIONAL DE APOIO AO MÉDIO PRODUTOR RURAL","AP"
"0050","PRONAMP - PROGRAMA NACIONAL DE APOIO AO MÉDIO PRODUTOR RURAL","AM"
"0050","PRONAMP - PROGRAMA NACIONAL DE APOIO AO MÉDIO PRODUTOR RURAL","AL"
"0050","PRONAMP - PROGRAMA NACIONAL DE APOIO AO MÉDIO PRODUTOR RURAL","AC"
"0159","MODERMAQ - PROG MOD PARQUE IND NACIONAL - ENCERRADO","TO"
"0159","MODERMAQ - PROG MOD PARQUE IND NACIONAL - ENCERRADO","SP"
"0159","MODERMAQ - PROG MOD PARQUE IND NACIONAL - ENCERRADO","SE"
"0159","MODERMAQ - PROG MOD PARQUE IND NACIONAL - ENCERRADO","SC"
"0159","MODERMAQ - PROG MOD PARQUE IND NACIONAL - ENCERRADO","RS"
"0159","MODERMAQ - PROG MOD PARQUE IND NACIONAL - ENCERRADO","RR"
"0159","MODERMAQ - PROG MOD PARQUE IND NACIONAL - ENCERRADO","RO"
"0159","MODERMAQ - PROG MOD PARQUE IND NACIONAL - ENCERRADO","RN"
"0159","MODERMAQ - PROG MOD PARQUE IND NACIONAL - ENCERRADO","RJ"
"0159","MODERMAQ - PROG MOD PARQUE IND NACIONAL - ENCERRADO","PR"
"0159","MODERMAQ - PROG MOD PARQUE IND NACIONAL - ENCERRADO","PI"
"0159","MODERMAQ - PROG MOD PARQUE IND NACIONAL - ENCERRADO","PE"
"0159","MODERMAQ - PROG MOD PARQUE IND NACIONAL - ENCERRADO","PB"
"0159","MODERMAQ - PROG MOD PARQUE IND NACIONAL - ENCERRADO","PA"
"0159","MODERMAQ - PROG MOD PARQUE IND NACIONAL - ENCERRADO","MT"
"0159","MODERMAQ - PROG MOD PARQUE IND NACIONAL - ENCERRADO","MS"
"0159","MODERMAQ - PROG MOD PARQUE IND NACIONAL - ENCERRADO","MG"
"0159","MODERMAQ - PROG MOD PARQUE IND NACIONAL - ENCERRADO","MA"
"0159","MODERMAQ - PROG MOD PARQUE IND NACIONAL - ENCERRADO","GO"
"0159","MODERMAQ - PROG MOD PARQUE IND NACIONAL - ENCERRADO","ES"
"0159","MODERMAQ - PROG MOD PARQUE IND NACIONAL - ENCERRADO","DF"
"0159","MODERMAQ - PROG MOD PARQUE IND NACIONAL - ENCERRADO","CE"
"0159","MODERMAQ - PROG MOD PARQUE IND NACIONAL - ENCERRADO","BA"
"0159","MODERMAQ - PROG MOD PARQUE IND NACIONAL - ENCERRADO","AP"
"0159","MODERMAQ - PROG MOD PARQUE IND NACIONAL - ENCERRADO","AM"
"0159","MODERMAQ - PROG MOD PARQUE IND NACIONAL - ENCERRADO","AL"
"0159","MODERMAQ - PROG MOD PARQUE IND NACIONAL - ENCERRADO","AC"
"0200","PROCERA - PROG ESPECIAL DE CRÉDITO PARA A REFORMA AGRÁRIA - ENCERRADO","TO"
"0200","PROCERA - PROG ESPECIAL DE CRÉDITO PARA A REFORMA AGRÁRIA - ENCERRADO","SP"
"0200","PROCERA - PROG ESPECIAL DE CRÉDITO PARA A REFORMA AGRÁRIA - ENCERRADO","SE"
"0200","PROCERA - PROG ESPECIAL DE CRÉDITO PARA A REFORMA AGRÁRIA - ENCERRADO","SC"
"0200","PROCERA - PROG ESPECIAL DE CRÉDITO PARA A REFORMA AGRÁRIA - ENCERRADO","RS"
"0200","PROCERA - PROG ESPECIAL DE CRÉDITO PARA A REFORMA AGRÁRIA - ENCERRADO","RR"
"0200","PROCERA - PROG ESPECIAL DE CRÉDITO PARA A REFORMA AGRÁRIA - ENCERRADO","RO"
"0200","PROCERA - PROG ESPECIAL DE CRÉDITO PARA A REFORMA AGRÁRIA - ENCERRADO","RN"
"0200","PROCERA - PROG ESPECIAL DE CRÉDITO PARA A REFORMA AGRÁRIA - ENCERRADO","RJ"
"0200","PROCERA - PROG ESPECIAL DE CRÉDITO PARA A REFORMA AGRÁRIA - ENCERRADO","PR"
"0200","PROCERA - PROG ESPECIAL DE CRÉDITO PARA A REFORMA AGRÁRIA - ENCERRADO","PI"
"0200","PROCERA - PROG ESPECIAL DE CRÉDITO PARA A REFORMA AGRÁRIA - ENCERRADO","PE"
"0200","PROCERA - PROG ESPECIAL DE CRÉDITO PARA A REFORMA AGRÁRIA - ENCERRADO","PB"
"0200","PROCERA - PROG ESPECIAL DE CRÉDITO PARA A REFORMA AGRÁRIA - ENCERRADO","PA"
"0200","PROCERA - PROG ESPECIAL DE CRÉDITO PARA A REFORMA AGRÁRIA - ENCERRADO","MT"
"0200","PROCERA - PROG ESPECIAL DE CRÉDITO PARA A REFORMA AGRÁRIA - ENCERRADO","MS"
"0200","PROCERA - PROG ESPECIAL DE CRÉDITO PARA A REFORMA AGRÁRIA - ENCERRADO","MG"
"0200","PROCERA - PROG ESPECIAL DE CRÉDITO PARA A REFORMA AGRÁRIA - ENCERRADO","MA"
"0200","PROCERA - PROG ESPECIAL DE CRÉDITO PARA A REFORMA AGRÁRIA - ENCERRADO","GO"
"0200","PROCERA - PROG ESPECIAL DE CRÉDITO PARA A REFORMA AGRÁRIA - ENCERRADO","ES"
"0200","PROCERA - PROG ESPECIAL DE CRÉDITO PARA A REFORMA AGRÁRIA - ENCERRADO","DF"
"0200","PROCERA - PROG ESPECIAL DE CRÉDITO PARA A REFORMA AGRÁRIA - ENCERRADO","CE"
"0200","PROCERA - PROG ESPECIAL DE CRÉDITO PARA A REFORMA AGRÁRIA - ENCERRADO","BA"
"0200","PROCERA - PROG ESPECIAL DE CRÉDITO PARA A REFORMA AGRÁRIA - ENCERRADO","AP"
"0200","PROCERA - PROG ESPECIAL DE CRÉDITO PARA A REFORMA AGRÁRIA - ENCERRADO","AM"
"0200","PROCERA - PROG ESPECIAL DE CRÉDITO PARA A REFORMA AGRÁRIA - ENCERRADO","AL"
"0200","PROCERA - PROG ESPECIAL DE CRÉDITO PARA A REFORMA AGRÁRIA - ENCERRADO","AC"
"0240","ANF - ATIVIDADE NÃO FINANCIADA ENQUADRADA NO PROAGRO","TO"
"0240","ANF - ATIVIDADE NÃO FINANCIADA ENQUADRADA NO PROAGRO","SP"
"0240","ANF - ATIVIDADE NÃO FINANCIADA ENQUADRADA NO PROAGRO","SE"
"0240","ANF - ATIVIDADE NÃO FINANCIADA ENQUADRADA NO PROAGRO","SC"
"0240","ANF - ATIVIDADE NÃO FINANCIADA ENQUADRADA NO PROAGRO","RS"
"0240","ANF - ATIVIDADE NÃO FINANCIADA ENQUADRADA NO PROAGRO","RR"
"0240","ANF - ATIVIDADE NÃO FINANCIADA ENQUADRADA NO PROAGRO","RO"
"0240","ANF - ATIVIDADE NÃO FINANCIADA ENQUADRADA NO PROAGRO","RN"
"0240","ANF - ATIVIDADE NÃO FINANCIADA ENQUADRADA NO PROAGRO","RJ"
"0240","ANF - ATIVIDADE NÃO FINANCIADA ENQUADRADA NO PROAGRO","PR"
"0240","ANF - ATIVIDADE NÃO FINANCIADA ENQUADRADA NO PROAGRO","PI"
"0240","ANF - ATIVIDADE NÃO FINANCIADA ENQUADRADA NO PROAGRO","PE"
"0240","ANF - ATIVIDADE NÃO FINANCIADA ENQUADRADA NO PROAGRO","PB"
"0240","ANF - ATIVIDADE NÃO FINANCIADA ENQUADRADA NO PROAGRO","PA"
"0240","ANF - ATIVIDADE NÃO FINANCIADA ENQUADRADA NO PROAGRO","MT"
"0240","ANF - ATIVIDADE NÃO FINANCIADA ENQUADRADA NO PROAGRO","MS"
"0240","ANF - ATIVIDADE NÃO FINANCIADA ENQUADRADA NO PROAGRO","MG"
"0240","ANF - ATIVIDADE NÃO FINANCIADA ENQUADRADA NO PROAGRO","MA"
"0240","ANF - ATIVIDADE NÃO FINANCIADA ENQUADRADA NO PROAGRO","GO"
"0240","ANF - ATIVIDADE NÃO FINANCIADA ENQUADRADA NO PROAGRO","ES"
"0240","ANF - ATIVIDADE NÃO FINANCIADA ENQUADRADA NO PROAGRO","DF"
"0240","ANF - ATIVIDADE NÃO FINANCIADA ENQUADRADA NO PROAGRO","CE"
"0240","ANF - ATIVIDADE NÃO FINANCIADA ENQUADRADA NO PROAGRO","BA"
"0240","ANF - ATIVIDADE NÃO FINANCIADA ENQUADRADA NO PROAGRO","AP"
"0240","ANF - ATIVIDADE NÃO FINANCIADA ENQUADRADA NO PROAGRO","AM"
"0240","ANF - ATIVIDADE NÃO FINANCIADA ENQUADRADA NO PROAGRO","AL"
"0240","ANF - ATIVIDADE NÃO FINANCIADA ENQUADRADA NO PROAGRO","AC"
"0160","PRI - PROGRAMA DE REFORÇO DO INVESTIMENTO (CIRC 3.745) - ENCERRADO","TO"
"0160","PRI - PROGRAMA DE REFORÇO DO INVESTIMENTO (CIRC 3.745) - ENCERRADO","SP"
"0160","PRI - PROGRAMA DE REFORÇO DO INVESTIMENTO (CIRC 3.745) - ENCERRADO","SE"
"0160","PRI - PROGRAMA DE REFORÇO DO INVESTIMENTO (CIRC 3.745) - ENCERRADO","SC"
"0160","PRI - PROGRAMA DE REFORÇO DO INVESTIMENTO (CIRC 3.745) - ENCERRADO","RS"
"0160","PRI - PROGRAMA DE REFORÇO DO INVESTIMENTO (CIRC 3.745) - ENCERRADO","RR"
"0160","PRI - PROGRAMA DE REFORÇO DO INVESTIMENTO (CIRC 3.745) - ENCERRADO","RO"
"0160","PRI - PROGRAMA DE REFORÇO DO INVESTIMENTO (CIRC 3.745) - ENCERRADO","RN"
"0160","PRI - PROGRAMA DE REFORÇO DO INVESTIMENTO (CIRC 3.745) - ENCERRADO","RJ"
"0160","PRI - PROGRAMA DE REFORÇO DO INVESTIMENTO (CIRC 3.745) - ENCERRADO","PR"
"0160","PRI - PROGRAMA DE REFORÇO DO INVESTIMENTO (CIRC 3.745) - ENCERRADO","PI"
"0160","PRI - PROGRAMA DE REFORÇO DO INVESTIMENTO (CIRC 3.745) - ENCERRADO","PE"
"0160","PRI - PROGRAMA DE REFORÇO DO INVESTIMENTO (CIRC 3.745) - ENCERRADO","PB"
"0160","PRI - PROGRAMA DE REFORÇO DO INVESTIMENTO (CIRC 3.745) - ENCERRADO","PA"
"0160","PRI - PROGRAMA DE REFORÇO DO INVESTIMENTO (CIRC 3.745) - ENCERRADO","MT"
"0160","PRI - PROGRAMA DE REFORÇO DO INVESTIMENTO (CIRC 3.745) - ENCERRADO","MS"
"0160","PRI - PROGRAMA DE REFORÇO DO INVESTIMENTO (CIRC 3.745) - ENCERRADO","MG"
"0160","PRI - PROGRAMA DE REFORÇO DO INVESTIMENTO (CIRC 3.745) - ENCERRADO","MA"
"0160","PRI - PROGRAMA DE REFORÇO DO INVESTIMENTO (CIRC 3.745) - ENCERRADO","GO"
"0160","PRI - PROGRAMA DE REFORÇO DO INVESTIMENTO (CIRC 3.745) - ENCERRADO","ES"
"0160","PRI - PROGRAMA DE REFORÇO DO INVESTIMENTO (CIRC 3.745) - ENCERRADO","DF"
"0160","PRI - PROGRAMA DE REFORÇO DO INVESTIMENTO (CIRC 3.745) - ENCERRADO","CE"
"0160","PRI - PROGRAMA DE REFORÇO DO INVESTIMENTO (CIRC 3.745) - ENCERRADO","BA"
"0160","PRI - PROGRAMA DE REFORÇO DO INVESTIMENTO (CIRC 3.745) - ENCERRADO","AP"
"0160","PRI - PROGRAMA DE REFORÇO DO INVESTIMENTO (CIRC 3.745) - ENCERRADO","AM"
"0160","PRI - PROGRAMA DE REFORÇO DO INVESTIMENTO (CIRC 3.745) - ENCERRADO","AL"
"0160","PRI - PROGRAMA DE REFORÇO DO INVESTIMENTO (CIRC 3.745) - ENCERRADO","AC"
"0777","Linha Crédito Rural inst Res. 4.147/2012 e 4.260/2013 (Demais Agricultores) ENCERRADO","TO"
"0777","Linha Crédito Rural inst Res. 4.147/2012 e 4.260/2013 (Demais Agricultores) ENCERRADO","SE"
"0777","Linha Crédito Rural inst Res. 4.147/2012 e 4.260/2013 (Demais Agricultores) ENCERRADO","RR"
"0777","Linha Crédito Rural inst Res. 4.147/2012 e 4.260/2013 (Demais Agricultores) ENCERRADO","RO"
"0777","Linha Crédito Rural inst Res. 4.147/2012 e 4.260/2013 (Demais Agricultores) ENCERRADO","RN"
"0777","Linha Crédito Rural inst Res. 4.147/2012 e 4.260/2013 (Demais Agricultores) ENCERRADO","PI"
"0777","Linha Crédito Rural inst Res. 4.147/2012 e 4.260/2013 (Demais Agricultores) ENCERRADO","PE"
"0777","Linha Crédito Rural inst Res. 4.147/2012 e 4.260/2013 (Demais Agricultores) ENCERRADO","PB"
"0777","Linha Crédito Rural inst Res. 4.147/2012 e 4.260/2013 (Demais Agricultores) ENCERRADO","PA"
"0777","Linha Crédito Rural inst Res. 4.147/2012 e 4.260/2013 (Demais Agricultores) ENCERRADO","MG"
"0777","Linha Crédito Rural inst Res. 4.147/2012 e 4.260/2013 (Demais Agricultores) ENCERRADO","MA"
"0777","Linha Crédito Rural inst Res. 4.147/2012 e 4.260/2013 (Demais Agricultores) ENCERRADO","ES"
"0777","Linha Crédito Rural inst Res. 4.147/2012 e 4.260/2013 (Demais Agricultores) ENCERRADO","CE"
"0777","Linha Crédito Rural inst Res. 4.147/2012 e 4.260/2013 (Demais Agricultores) ENCERRADO","BA"
"0777","Linha Crédito Rural inst Res. 4.147/2012 e 4.260/2013 (Demais Agricultores) ENCERRADO","AP"
"0777","Linha Crédito Rural inst Res. 4.147/2012 e 4.260/2013 (Demais Agricultores) ENCERRADO","AM"
"0777","Linha Crédito Rural inst Res. 4.147/2012 e 4.260/2013 (Demais Agricultores) ENCERRADO","AL"
"0777","Linha Crédito Rural inst Res. 4.147/2012 e 4.260/2013 (Demais Agricultores) ENCERRADO","AC"
"0721","Linha Crédito Rural instit Res. 4.028/2011 (Dívidas Composição e Renegoc PRONAF) - ENCERRADO","TO"
"0721","Linha Crédito Rural instit Res. 4.028/2011 (Dívidas Composição e Renegoc PRONAF) - ENCERRADO","SP"
"0721","Linha Crédito Rural instit Res. 4.028/2011 (Dívidas Composição e Renegoc PRONAF) - ENCERRADO","SE"
"0721","Linha Crédito Rural instit Res. 4.028/2011 (Dívidas Composição e Renegoc PRONAF) - ENCERRADO","SC"
"0721","Linha Crédito Rural instit Res. 4.028/2011 (Dívidas Composição e Renegoc PRONAF) - ENCERRADO","RS"
"0721","Linha Crédito Rural instit Res. 4.028/2011 (Dívidas Composição e Renegoc PRONAF) - ENCERRADO","RR"
"0721","Linha Crédito Rural instit Res. 4.028/2011 (Dívidas Composição e Renegoc PRONAF) - ENCERRADO","RO"
"0721","Linha Crédito Rural instit Res. 4.028/2011 (Dívidas Composição e Renegoc PRONAF) - ENCERRADO","RN"
"0721","Linha Crédito Rural instit Res. 4.028/2011 (Dívidas Composição e Renegoc PRONAF) - ENCERRADO","RJ"
"0721","Linha Crédito Rural instit Res. 4.028/2011 (Dívidas Composição e Renegoc PRONAF) - ENCERRADO","PR"
"0721","Linha Crédito Rural instit Res. 4.028/2011 (Dívidas Composição e Renegoc PRONAF) - ENCERRADO","PI"
"0721","Linha Crédito Rural instit Res. 4.028/2011 (Dívidas Composição e Renegoc PRONAF) - ENCERRADO","PE"
"0721","Linha Crédito Rural instit Res. 4.028/2011 (Dívidas Composição e Renegoc PRONAF) - ENCERRADO","PB"
"0721","Linha Crédito Rural instit Res. 4.028/2011 (Dívidas Composição e Renegoc PRONAF) - ENCERRADO","PA"
"0721","Linha Crédito Rural instit Res. 4.028/2011 (Dívidas Composição e Renegoc PRONAF) - ENCERRADO","MT"
"0721","Linha Crédito Rural instit Res. 4.028/2011 (Dívidas Composição e Renegoc PRONAF) - ENCERRADO","MS"
"0721","Linha Crédito Rural instit Res. 4.028/2011 (Dívidas Composição e Renegoc PRONAF) - ENCERRADO","MG"
"0721","Linha Crédito Rural instit Res. 4.028/2011 (Dívidas Composição e Renegoc PRONAF) - ENCERRADO","MA"
"0721","Linha Crédito Rural instit Res. 4.028/2011 (Dívidas Composição e Renegoc PRONAF) - ENCERRADO","GO"
"0721","Linha Crédito Rural instit Res. 4.028/2011 (Dívidas Composição e Renegoc PRONAF) - ENCERRADO","ES"
"0721","Linha Crédito Rural instit Res. 4.028/2011 (Dívidas Composição e Renegoc PRONAF) - ENCERRADO","DF"
"0721","Linha Crédito Rural instit Res. 4.028/2011 (Dívidas Composição e Renegoc PRONAF) - ENCERRADO","CE"
"0721","Linha Crédito Rural instit Res. 4.028/2011 (Dívidas Composição e Renegoc PRONAF) - ENCERRADO","BA"
"0721","Linha Crédito Rural instit Res. 4.028/2011 (Dívidas Composição e Renegoc PRONAF) - ENCERRADO","AP"
"0721","Linha Crédito Rural instit Res. 4.028/2011 (Dívidas Composição e Renegoc PRONAF) - ENCERRADO","AM"
"0721","Linha Crédito Rural instit Res. 4.028/2011 (Dívidas Composição e Renegoc PRONAF) - ENCERRADO","AL"
"0721","Linha Crédito Rural instit Res. 4.028/2011 (Dívidas Composição e Renegoc PRONAF) - ENCERRADO","AC"
"0722","Linha Crédito Rural inst Res. 4.029/2011 (Reneg Crédito Fundiário) ENCERRADO","TO"
"0722","Linha Crédito Rural inst Res. 4.029/2011 (Reneg Crédito Fundiário) ENCERRADO","SP"
"0722","Linha Crédito Rural inst Res. 4.029/2011 (Reneg Crédito Fundiário) ENCERRADO","SE"
"0722","Linha Crédito Rural inst Res. 4.029/2011 (Reneg Crédito Fundiário) ENCERRADO","SC"
"0722","Linha Crédito Rural inst Res. 4.029/2011 (Reneg Crédito Fundiário) ENCERRADO","RS"
"0722","Linha Crédito Rural inst Res. 4.029/2011 (Reneg Crédito Fundiário) ENCERRADO","RR"
"0722","Linha Crédito Rural inst Res. 4.029/2011 (Reneg Crédito Fundiário) ENCERRADO","RO"
"0722","Linha Crédito Rural inst Res. 4.029/2011 (Reneg Crédito Fundiário) ENCERRADO","RN"
"0722","Linha Crédito Rural inst Res. 4.029/2011 (Reneg Crédito Fundiário) ENCERRADO","RJ"
"0722","Linha Crédito Rural inst Res. 4.029/2011 (Reneg Crédito Fundiário) ENCERRADO","PR"
"0722","Linha Crédito Rural inst Res. 4.029/2011 (Reneg Crédito Fundiário) ENCERRADO","PI"
"0722","Linha Crédito Rural inst Res. 4.029/2011 (Reneg Crédito Fundiário) ENCERRADO","PE"
"0722","Linha Crédito Rural inst Res. 4.029/2011 (Reneg Crédito Fundiário) ENCERRADO","PB"
"0722","Linha Crédito Rural inst Res. 4.029/2011 (Reneg Crédito Fundiário) ENCERRADO","PA"
"0722","Linha Crédito Rural inst Res. 4.029/2011 (Reneg Crédito Fundiário) ENCERRADO","MT"
"0722","Linha Crédito Rural inst Res. 4.029/2011 (Reneg Crédito Fundiário) ENCERRADO","MS"
"0722","Linha Crédito Rural inst Res. 4.029/2011 (Reneg Crédito Fundiário) ENCERRADO","MG"
"0722","Linha Crédito Rural inst Res. 4.029/2011 (Reneg Crédito Fundiário) ENCERRADO","MA"
"0722","Linha Crédito Rural inst Res. 4.029/2011 (Reneg Crédito Fundiário) ENCERRADO","GO"
"0722","Linha Crédito Rural inst Res. 4.029/2011 (Reneg Crédito Fundiário) ENCERRADO","ES"
"0722","Linha Crédito Rural inst Res. 4.029/2011 (Reneg Crédito Fundiário) ENCERRADO","DF"
"0722","Linha Crédito Rural inst Res. 4.029/2011 (Reneg Crédito Fundiário) ENCERRADO","CE"
"0722","Linha Crédito Rural inst Res. 4.029/2011 (Reneg Crédito Fundiário) ENCERRADO","BA"
"0722","Linha Crédito Rural inst Res. 4.029/2011 (Reneg Crédito Fundiário) ENCERRADO","AP"
"0722","Linha Crédito Rural inst Res. 4.029/2011 (Reneg Crédito Fundiário) ENCERRADO","AM"
"0722","Linha Crédito Rural inst Res. 4.029/2011 (Reneg Crédito Fundiário) ENCERRADO","AL"
"0722","Linha Crédito Rural inst Res. 4.029/2011 (Reneg Crédito Fundiário) ENCERRADO","AC"
"0779","Linha de Crédito Rural instituida pela Res. 4.161/2012 (Produtores de Arroz) ENCERRADO","TO"
"0779","Linha de Crédito Rural instituida pela Res. 4.161/2012 (Produtores de Arroz) ENCERRADO","SP"
"0779","Linha de Crédito Rural instituida pela Res. 4.161/2012 (Produtores de Arroz) ENCERRADO","SE"
"0779","Linha de Crédito Rural instituida pela Res. 4.161/2012 (Produtores de Arroz) ENCERRADO","SC"
"0779","Linha de Crédito Rural instituida pela Res. 4.161/2012 (Produtores de Arroz) ENCERRADO","RS"
"0779","Linha de Crédito Rural instituida pela Res. 4.161/2012 (Produtores de Arroz) ENCERRADO","RR"
"0779","Linha de Crédito Rural instituida pela Res. 4.161/2012 (Produtores de Arroz) ENCERRADO","RO"
"0779","Linha de Crédito Rural instituida pela Res. 4.161/2012 (Produtores de Arroz) ENCERRADO","RN"
"0779","Linha de Crédito Rural instituida pela Res. 4.161/2012 (Produtores de Arroz) ENCERRADO","RJ"
"0779","Linha de Crédito Rural instituida pela Res. 4.161/2012 (Produtores de Arroz) ENCERRADO","PR"
"0779","Linha de Crédito Rural instituida pela Res. 4.161/2012 (Produtores de Arroz) ENCERRADO","PI"
"0779","Linha de Crédito Rural instituida pela Res. 4.161/2012 (Produtores de Arroz) ENCERRADO","PE"
"0779","Linha de Crédito Rural instituida pela Res. 4.161/2012 (Produtores de Arroz) ENCERRADO","PB"
"0779","Linha de Crédito Rural instituida pela Res. 4.161/2012 (Produtores de Arroz) ENCERRADO","PA"
"0779","Linha de Crédito Rural instituida pela Res. 4.161/2012 (Produtores de Arroz) ENCERRADO","MT"
"0779","Linha de Crédito Rural instituida pela Res. 4.161/2012 (Produtores de Arroz) ENCERRADO","MS"
"0779","Linha de Crédito Rural instituida pela Res. 4.161/2012 (Produtores de Arroz) ENCERRADO","MG"
"0779","Linha de Crédito Rural instituida pela Res. 4.161/2012 (Produtores de Arroz) ENCERRADO","MA"
"0779","Linha de Crédito Rural instituida pela Res. 4.161/2012 (Produtores de Arroz) ENCERRADO","GO"
"0779","Linha de Crédito Rural instituida pela Res. 4.161/2012 (Produtores de Arroz) ENCERRADO","ES"
"0779","Linha de Crédito Rural instituida pela Res. 4.161/2012 (Produtores de Arroz) ENCERRADO","DF"
"0779","Linha de Crédito Rural instituida pela Res. 4.161/2012 (Produtores de Arroz) ENCERRADO","CE"
"0779","Linha de Crédito Rural instituida pela Res. 4.161/2012 (Produtores de Arroz) ENCERRADO","BA"
"0779","Linha de Crédito Rural instituida pela Res. 4.161/2012 (Produtores de Arroz) ENCERRADO","AP"
"0779","Linha de Crédito Rural instituida pela Res. 4.161/2012 (Produtores de Arroz) ENCERRADO","AM"
"0779","Linha de Crédito Rural instituida pela Res. 4.161/2012 (Produtores de Arroz) ENCERRADO","AL"
"0779","Linha de Crédito Rural instituida pela Res. 4.161/2012 (Produtores de Arroz) ENCERRADO","AC"
"0730","Linha Crédito Rural inst Res. 4.083/2012 (Enchentes Reg Norte) ENCERRADO","TO"
"0730","Linha Crédito Rural inst Res. 4.083/2012 (Enchentes Reg Norte) ENCERRADO","RR"
"0730","Linha Crédito Rural inst Res. 4.083/2012 (Enchentes Reg Norte) ENCERRADO","RO"
"0730","Linha Crédito Rural inst Res. 4.083/2012 (Enchentes Reg Norte) ENCERRADO","PA"
"0730","Linha Crédito Rural inst Res. 4.083/2012 (Enchentes Reg Norte) ENCERRADO","AP"
"0730","Linha Crédito Rural inst Res. 4.083/2012 (Enchentes Reg Norte) ENCERRADO","AM"
"0730","Linha Crédito Rural inst Res. 4.083/2012 (Enchentes Reg Norte) ENCERRADO","AC"
"0783","Linha Crédito Rural inst pelas Res 4.189 e 4.212/2013-PRONAF (Estiagem Area Sudene) ENCERRADO","SE"
"0783","Linha Crédito Rural inst pelas Res 4.189 e 4.212/2013-PRONAF (Estiagem Area Sudene) ENCERRADO","RN"
"0783","Linha Crédito Rural inst pelas Res 4.189 e 4.212/2013-PRONAF (Estiagem Area Sudene) ENCERRADO","PI"
"0783","Linha Crédito Rural inst pelas Res 4.189 e 4.212/2013-PRONAF (Estiagem Area Sudene) ENCERRADO","PE"
"0783","Linha Crédito Rural inst pelas Res 4.189 e 4.212/2013-PRONAF (Estiagem Area Sudene) ENCERRADO","PB"
"0783","Linha Crédito Rural inst pelas Res 4.189 e 4.212/2013-PRONAF (Estiagem Area Sudene) ENCERRADO","MG"
"0783","Linha Crédito Rural inst pelas Res 4.189 e 4.212/2013-PRONAF (Estiagem Area Sudene) ENCERRADO","MA"
"0783","Linha Crédito Rural inst pelas Res 4.189 e 4.212/2013-PRONAF (Estiagem Area Sudene) ENCERRADO","ES"
"0783","Linha Crédito Rural inst pelas Res 4.189 e 4.212/2013-PRONAF (Estiagem Area Sudene) ENCERRADO","CE"
"0783","Linha Crédito Rural inst pelas Res 4.189 e 4.212/2013-PRONAF (Estiagem Area Sudene) ENCERRADO","BA"
"0783","Linha Crédito Rural inst pelas Res 4.189 e 4.212/2013-PRONAF (Estiagem Area Sudene) ENCERRADO","AL"
"0776","Linha Crédito Rural Inst Res. 4.147/2012 e 4.260/2013 (Agricultores Familiares) ENCERRADO","TO"
"0776","Linha Crédito Rural Inst Res. 4.147/2012 e 4.260/2013 (Agricultores Familiares) ENCERRADO","SP"
"0776","Linha Crédito Rural Inst Res. 4.147/2012 e 4.260/2013 (Agricultores Familiares) ENCERRADO","SE"
"0776","Linha Crédito Rural Inst Res. 4.147/2012 e 4.260/2013 (Agricultores Familiares) ENCERRADO","SC"
"0776","Linha Crédito Rural Inst Res. 4.147/2012 e 4.260/2013 (Agricultores Familiares) ENCERRADO","RS"
"0776","Linha Crédito Rural Inst Res. 4.147/2012 e 4.260/2013 (Agricultores Familiares) ENCERRADO","RR"
"0776","Linha Crédito Rural Inst Res. 4.147/2012 e 4.260/2013 (Agricultores Familiares) ENCERRADO","RO"
"0776","Linha Crédito Rural Inst Res. 4.147/2012 e 4.260/2013 (Agricultores Familiares) ENCERRADO","RN"
"0776","Linha Crédito Rural Inst Res. 4.147/2012 e 4.260/2013 (Agricultores Familiares) ENCERRADO","RJ"
"0776","Linha Crédito Rural Inst Res. 4.147/2012 e 4.260/2013 (Agricultores Familiares) ENCERRADO","PR"
"0776","Linha Crédito Rural Inst Res. 4.147/2012 e 4.260/2013 (Agricultores Familiares) ENCERRADO","PI"
"0776","Linha Crédito Rural Inst Res. 4.147/2012 e 4.260/2013 (Agricultores Familiares) ENCERRADO","PE"
"0776","Linha Crédito Rural Inst Res. 4.147/2012 e 4.260/2013 (Agricultores Familiares) ENCERRADO","PB"
"0776","Linha Crédito Rural Inst Res. 4.147/2012 e 4.260/2013 (Agricultores Familiares) ENCERRADO","PA"
"0776","Linha Crédito Rural Inst Res. 4.147/2012 e 4.260/2013 (Agricultores Familiares) ENCERRADO","MT"
"0776","Linha Crédito Rural Inst Res. 4.147/2012 e 4.260/2013 (Agricultores Familiares) ENCERRADO","MS"
"0776","Linha Crédito Rural Inst Res. 4.147/2012 e 4.260/2013 (Agricultores Familiares) ENCERRADO","MG"
"0776","Linha Crédito Rural Inst Res. 4.147/2012 e 4.260/2013 (Agricultores Familiares) ENCERRADO","MA"
"0776","Linha Crédito Rural Inst Res. 4.147/2012 e 4.260/2013 (Agricultores Familiares) ENCERRADO","GO"
"0776","Linha Crédito Rural Inst Res. 4.147/2012 e 4.260/2013 (Agricultores Familiares) ENCERRADO","ES"
"0776","Linha Crédito Rural Inst Res. 4.147/2012 e 4.260/2013 (Agricultores Familiares) ENCERRADO","DF"
"0776","Linha Crédito Rural Inst Res. 4.147/2012 e 4.260/2013 (Agricultores Familiares) ENCERRADO","CE"
"0776","Linha Crédito Rural Inst Res. 4.147/2012 e 4.260/2013 (Agricultores Familiares) ENCERRADO","BA"
"0776","Linha Crédito Rural Inst Res. 4.147/2012 e 4.260/2013 (Agricultores Familiares) ENCERRADO","AP"
"0776","Linha Crédito Rural Inst Res. 4.147/2012 e 4.260/2013 (Agricultores Familiares) ENCERRADO","AM"
"0776","Linha Crédito Rural Inst Res. 4.147/2012 e 4.260/2013 (Agricultores Familiares) ENCERRADO","AL"
"0776","Linha Crédito Rural Inst Res. 4.147/2012 e 4.260/2013 (Agricultores Familiares) ENCERRADO","AC"
"0784","Linha Credito Rural inst Res. 4.188 e 4.211/2013-Demais Produtores (Estiagem Area Sudene) ENCERRADO","SE"
"0784","Linha Credito Rural inst Res. 4.188 e 4.211/2013-Demais Produtores (Estiagem Area Sudene) ENCERRADO","RN"
"0784","Linha Credito Rural inst Res. 4.188 e 4.211/2013-Demais Produtores (Estiagem Area Sudene) ENCERRADO","PI"
"0784","Linha Credito Rural inst Res. 4.188 e 4.211/2013-Demais Produtores (Estiagem Area Sudene) ENCERRADO","PE"
"0784","Linha Credito Rural inst Res. 4.188 e 4.211/2013-Demais Produtores (Estiagem Area Sudene) ENCERRADO","PB"
"0784","Linha Credito Rural inst Res. 4.188 e 4.211/2013-Demais Produtores (Estiagem Area Sudene) ENCERRADO","MG"
"0784","Linha Credito Rural inst Res. 4.188 e 4.211/2013-Demais Produtores (Estiagem Area Sudene) ENCERRADO","MA"
"0784","Linha Credito Rural inst Res. 4.188 e 4.211/2013-Demais Produtores (Estiagem Area Sudene) ENCERRADO","ES"
"0784","Linha Credito Rural inst Res. 4.188 e 4.211/2013-Demais Produtores (Estiagem Area Sudene) ENCERRADO","CE"
"0784","Linha Credito Rural inst Res. 4.188 e 4.211/2013-Demais Produtores (Estiagem Area Sudene) ENCERRADO","BA"
"0784","Linha Credito Rural inst Res. 4.188 e 4.211/2013-Demais Produtores (Estiagem Area Sudene) ENCERRADO","AL"
"0161","PRORENOVA-RURAL- PROG APOIO  RENOV IMPLANTAÇÃO NOVOS CANAVIAIS- ENCERRADO","TO"
"0161","PRORENOVA-RURAL- PROG APOIO  RENOV IMPLANTAÇÃO NOVOS CANAVIAIS- ENCERRADO","SP"
"0161","PRORENOVA-RURAL- PROG APOIO  RENOV IMPLANTAÇÃO NOVOS CANAVIAIS- ENCERRADO","SE"
"0161","PRORENOVA-RURAL- PROG APOIO  RENOV IMPLANTAÇÃO NOVOS CANAVIAIS- ENCERRADO","SC"
"0161","PRORENOVA-RURAL- PROG APOIO  RENOV IMPLANTAÇÃO NOVOS CANAVIAIS- ENCERRADO","RS"
"0161","PRORENOVA-RURAL- PROG APOIO  RENOV IMPLANTAÇÃO NOVOS CANAVIAIS- ENCERRADO","RR"
"0161","PRORENOVA-RURAL- PROG APOIO  RENOV IMPLANTAÇÃO NOVOS CANAVIAIS- ENCERRADO","RO"
"0161","PRORENOVA-RURAL- PROG APOIO  RENOV IMPLANTAÇÃO NOVOS CANAVIAIS- ENCERRADO","RN"
"0161","PRORENOVA-RURAL- PROG APOIO  RENOV IMPLANTAÇÃO NOVOS CANAVIAIS- ENCERRADO","RJ"
"0161","PRORENOVA-RURAL- PROG APOIO  RENOV IMPLANTAÇÃO NOVOS CANAVIAIS- ENCERRADO","PR"
"0161","PRORENOVA-RURAL- PROG APOIO  RENOV IMPLANTAÇÃO NOVOS CANAVIAIS- ENCERRADO","PI"
"0161","PRORENOVA-RURAL- PROG APOIO  RENOV IMPLANTAÇÃO NOVOS CANAVIAIS- ENCERRADO","PE"
"0161","PRORENOVA-RURAL- PROG APOIO  RENOV IMPLANTAÇÃO NOVOS CANAVIAIS- ENCERRADO","PB"
"0161","PRORENOVA-RURAL- PROG APOIO  RENOV IMPLANTAÇÃO NOVOS CANAVIAIS- ENCERRADO","PA"
"0161","PRORENOVA-RURAL- PROG APOIO  RENOV IMPLANTAÇÃO NOVOS CANAVIAIS- ENCERRADO","MT"
"0161","PRORENOVA-RURAL- PROG APOIO  RENOV IMPLANTAÇÃO NOVOS CANAVIAIS- ENCERRADO","MS"
"0161","PRORENOVA-RURAL- PROG APOIO  RENOV IMPLANTAÇÃO NOVOS CANAVIAIS- ENCERRADO","MG"
"0161","PRORENOVA-RURAL- PROG APOIO  RENOV IMPLANTAÇÃO NOVOS CANAVIAIS- ENCERRADO","MA"
"0161","PRORENOVA-RURAL- PROG APOIO  RENOV IMPLANTAÇÃO NOVOS CANAVIAIS- ENCERRADO","GO"
"0161","PRORENOVA-RURAL- PROG APOIO  RENOV IMPLANTAÇÃO NOVOS CANAVIAIS- ENCERRADO","ES"
"0161","PRORENOVA-RURAL- PROG APOIO  RENOV IMPLANTAÇÃO NOVOS CANAVIAIS- ENCERRADO","DF"
"0161","PRORENOVA-RURAL- PROG APOIO  RENOV IMPLANTAÇÃO NOVOS CANAVIAIS- ENCERRADO","CE"
"0161","PRORENOVA-RURAL- PROG APOIO  RENOV IMPLANTAÇÃO NOVOS CANAVIAIS- ENCERRADO","BA"
"0161","PRORENOVA-RURAL- PROG APOIO  RENOV IMPLANTAÇÃO NOVOS CANAVIAIS- ENCERRADO","AP"
"0161","PRORENOVA-RURAL- PROG APOIO  RENOV IMPLANTAÇÃO NOVOS CANAVIAIS- ENCERRADO","AM"
"0161","PRORENOVA-RURAL- PROG APOIO  RENOV IMPLANTAÇÃO NOVOS CANAVIAIS- ENCERRADO","AL"
"0161","PRORENOVA-RURAL- PROG APOIO  RENOV IMPLANTAÇÃO NOVOS CANAVIAIS- ENCERRADO","AC"
"0162","INOVAGRO - Programa de Incentivo à Inovação Tecnológica na Produção Agropecuária","TO"
"0162","INOVAGRO - Programa de Incentivo à Inovação Tecnológica na Produção Agropecuária","SP"
"0162","INOVAGRO - Programa de Incentivo à Inovação Tecnológica na Produção Agropecuária","SE"
"0162","INOVAGRO - Programa de Incentivo à Inovação Tecnológica na Produção Agropecuária","SC"
"0162","INOVAGRO - Programa de Incentivo à Inovação Tecnológica na Produção Agropecuária","RS"
"0162","INOVAGRO - Programa de Incentivo à Inovação Tecnológica na Produção Agropecuária","RR"
"0162","INOVAGRO - Programa de Incentivo à Inovação Tecnológica na Produção Agropecuária","RO"
"0162","INOVAGRO - Programa de Incentivo à Inovação Tecnológica na Produção Agropecuária","RN"
"0162","INOVAGRO - Programa de Incentivo à Inovação Tecnológica na Produção Agropecuária","RJ"
"0162","INOVAGRO - Programa de Incentivo à Inovação Tecnológica na Produção Agropecuária","PR"
"0162","INOVAGRO - Programa de Incentivo à Inovação Tecnológica na Produção Agropecuária","PI"
"0162","INOVAGRO - Programa de Incentivo à Inovação Tecnológica na Produção Agropecuária","PE"
"0162","INOVAGRO - Programa de Incentivo à Inovação Tecnológica na Produção Agropecuária","PB"
"0162","INOVAGRO - Programa de Incentivo à Inovação Tecnológica na Produção Agropecuária","PA"
"0162","INOVAGRO - Programa de Incentivo à Inovação Tecnológica na Produção Agropecuária","MT"
"0162","INOVAGRO - Programa de Incentivo à Inovação Tecnológica na Produção Agropecuária","MS"
"0162","INOVAGRO - Programa de Incentivo à Inovação Tecnológica na Produção Agropecuária","MG"
"0162","INOVAGRO - Programa de Incentivo à Inovação Tecnológica na Produção Agropecuária","MA"
"0162","INOVAGRO - Programa de Incentivo à Inovação Tecnológica na Produção Agropecuária","GO"
"0162","INOVAGRO - Programa de Incentivo à Inovação Tecnológica na Produção Agropecuária","ES"
"0162","INOVAGRO - Programa de Incentivo à Inovação Tecnológica na Produção Agropecuária","DF"
"0162","INOVAGRO - Programa de Incentivo à Inovação Tecnológica na Produção Agropecuária","CE"
"0162","INOVAGRO - Programa de Incentivo à Inovação Tecnológica na Produção Agropecuária","BA"
"0162","INOVAGRO - Programa de Incentivo à Inovação Tecnológica na Produção Agropecuária","AP"
"0162","INOVAGRO - Programa de Incentivo à Inovação Tecnológica na Produção Agropecuária","AM"
"0162","INOVAGRO - Programa de Incentivo à Inovação Tecnológica na Produção Agropecuária","AL"
"0162","INOVAGRO - Programa de Incentivo à Inovação Tecnológica na Produção Agropecuária","AC"
"0163","PCA - Programa para Construção e Ampliação de Armazéns","TO"
"0163","PCA - Programa para Construção e Ampliação de Armazéns","SP"
"0163","PCA - Programa para Construção e Ampliação de Armazéns","SE"
"0163","PCA - Programa para Construção e Ampliação de Armazéns","SC"
"0163","PCA - Programa para Construção e Ampliação de Armazéns","RS"
"0163","PCA - Programa para Construção e Ampliação de Armazéns","RR"
"0163","PCA - Programa para Construção e Ampliação de Armazéns","RO"
"0163","PCA - Programa para Construção e Ampliação de Armazéns","RN"
"0163","PCA - Programa para Construção e Ampliação de Armazéns","RJ"
"0163","PCA - Programa para Construção e Ampliação de Armazéns","PR"
"0163","PCA - Programa para Construção e Ampliação de Armazéns","PI"
"0163","PCA - Programa para Construção e Ampliação de Armazéns","PE"
"0163","PCA - Programa para Construção e Ampliação de Armazéns","PB"
"0163","PCA - Programa para Construção e Ampliação de Armazéns","PA"
"0163","PCA - Programa para Construção e Ampliação de Armazéns","MT"
"0163","PCA - Programa para Construção e Ampliação de Armazéns","MS"
"0163","PCA - Programa para Construção e Ampliação de Armazéns","MG"
"0163","PCA - Programa para Construção e Ampliação de Armazéns","MA"
"0163","PCA - Programa para Construção e Ampliação de Armazéns","GO"
"0163","PCA - Programa para Construção e Ampliação de Armazéns","ES"
"0163","PCA - Programa para Construção e Ampliação de Armazéns","DF"
"0163","PCA - Programa para Construção e Ampliação de Armazéns","CE"
"0163","PCA - Programa para Construção e Ampliação de Armazéns","BA"
"0163","PCA - Programa para Construção e Ampliação de Armazéns","AP"
"0163","PCA - Programa para Construção e Ampliação de Armazéns","AM"
"0163","PCA - Programa para Construção e Ampliação de Armazéns","AL"
"0163","PCA - Programa para Construção e Ampliação de Armazéns","AC"
"0201","PROGRAMA NACIONAL DE CRÉDITO FUNDIÁRIO (FTRA)","TO"
"0201","PROGRAMA NACIONAL DE CRÉDITO FUNDIÁRIO (FTRA)","SP"
"0201","PROGRAMA NACIONAL DE CRÉDITO FUNDIÁRIO (FTRA)","SE"
"0201","PROGRAMA NACIONAL DE CRÉDITO FUNDIÁRIO (FTRA)","SC"
"0201","PROGRAMA NACIONAL DE CRÉDITO FUNDIÁRIO (FTRA)","RS"
"0201","PROGRAMA NACIONAL DE CRÉDITO FUNDIÁRIO (FTRA)","RR"
"0201","PROGRAMA NACIONAL DE CRÉDITO FUNDIÁRIO (FTRA)","RO"
"0201","PROGRAMA NACIONAL DE CRÉDITO FUNDIÁRIO (FTRA)","RN"
"0201","PROGRAMA NACIONAL DE CRÉDITO FUNDIÁRIO (FTRA)","RJ"
"0201","PROGRAMA NACIONAL DE CRÉDITO FUNDIÁRIO (FTRA)","PR"
"0201","PROGRAMA NACIONAL DE CRÉDITO FUNDIÁRIO (FTRA)","PI"
"0201","PROGRAMA NACIONAL DE CRÉDITO FUNDIÁRIO (FTRA)","PE"
"0201","PROGRAMA NACIONAL DE CRÉDITO FUNDIÁRIO (FTRA)","PB"
"0201","PROGRAMA NACIONAL DE CRÉDITO FUNDIÁRIO (FTRA)","PA"
"0201","PROGRAMA NACIONAL DE CRÉDITO FUNDIÁRIO (FTRA)","MT"
"0201","PROGRAMA NACIONAL DE CRÉDITO FUNDIÁRIO (FTRA)","MS"
"0201","PROGRAMA NACIONAL DE CRÉDITO FUNDIÁRIO (FTRA)","MG"
"0201","PROGRAMA NACIONAL DE CRÉDITO FUNDIÁRIO (FTRA)","MA"
"0201","PROGRAMA NACIONAL DE CRÉDITO FUNDIÁRIO (FTRA)","GO"
"0201","PROGRAMA NACIONAL DE CRÉDITO FUNDIÁRIO (FTRA)","ES"
"0201","PROGRAMA NACIONAL DE CRÉDITO FUNDIÁRIO (FTRA)","DF"
"0201","PROGRAMA NACIONAL DE CRÉDITO FUNDIÁRIO (FTRA)","CE"
"0201","PROGRAMA NACIONAL DE CRÉDITO FUNDIÁRIO (FTRA)","BA"
"0201","PROGRAMA NACIONAL DE CRÉDITO FUNDIÁRIO (FTRA)","AP"
"0201","PROGRAMA NACIONAL DE CRÉDITO FUNDIÁRIO (FTRA)","AM"
"0201","PROGRAMA NACIONAL DE CRÉDITO FUNDIÁRIO (FTRA)","AL"
"0201","PROGRAMA NACIONAL DE CRÉDITO FUNDIÁRIO (FTRA)","AC"
"0735","Linha de Crédito Rural instituida pela Res. 4.126/2012 (Produtores de Maçã) ENCERRADO","SP"
"0735","Linha de Crédito Rural instituida pela Res. 4.126/2012 (Produtores de Maçã) ENCERRADO","SC"
"0735","Linha de Crédito Rural instituida pela Res. 4.126/2012 (Produtores de Maçã) ENCERRADO","RS"
"0735","Linha de Crédito Rural instituida pela Res. 4.126/2012 (Produtores de Maçã) ENCERRADO","PR"
"0785","Linha Crédito Rural inst  Res. 4.220/2013 (Recursos BNDES-Estiagem Área da Sudene) ENCERRADO","SE"
"0785","Linha Crédito Rural inst  Res. 4.220/2013 (Recursos BNDES-Estiagem Área da Sudene) ENCERRADO","RN"
"0785","Linha Crédito Rural inst  Res. 4.220/2013 (Recursos BNDES-Estiagem Área da Sudene) ENCERRADO","PI"
"0785","Linha Crédito Rural inst  Res. 4.220/2013 (Recursos BNDES-Estiagem Área da Sudene) ENCERRADO","PE"
"0785","Linha Crédito Rural inst  Res. 4.220/2013 (Recursos BNDES-Estiagem Área da Sudene) ENCERRADO","PB"
"0785","Linha Crédito Rural inst  Res. 4.220/2013 (Recursos BNDES-Estiagem Área da Sudene) ENCERRADO","MG"
"0785","Linha Crédito Rural inst  Res. 4.220/2013 (Recursos BNDES-Estiagem Área da Sudene) ENCERRADO","MA"
"0785","Linha Crédito Rural inst  Res. 4.220/2013 (Recursos BNDES-Estiagem Área da Sudene) ENCERRADO","ES"
"0785","Linha Crédito Rural inst  Res. 4.220/2013 (Recursos BNDES-Estiagem Área da Sudene) ENCERRADO","CE"
"0785","Linha Crédito Rural inst  Res. 4.220/2013 (Recursos BNDES-Estiagem Área da Sudene) ENCERRADO","BA"
"0785","Linha Crédito Rural inst  Res. 4.220/2013 (Recursos BNDES-Estiagem Área da Sudene) ENCERRADO","AL"
"0164","PRORENOVA-IND- PROG APOIO RENOV IMPLANT NOVOS CANAVIAIS - ENCERRADO","TO"
"0164","PRORENOVA-IND- PROG APOIO RENOV IMPLANT NOVOS CANAVIAIS - ENCERRADO","SP"
"0164","PRORENOVA-IND- PROG APOIO RENOV IMPLANT NOVOS CANAVIAIS - ENCERRADO","SE"
"0164","PRORENOVA-IND- PROG APOIO RENOV IMPLANT NOVOS CANAVIAIS - ENCERRADO","SC"
"0164","PRORENOVA-IND- PROG APOIO RENOV IMPLANT NOVOS CANAVIAIS - ENCERRADO","RS"
"0164","PRORENOVA-IND- PROG APOIO RENOV IMPLANT NOVOS CANAVIAIS - ENCERRADO","RR"
"0164","PRORENOVA-IND- PROG APOIO RENOV IMPLANT NOVOS CANAVIAIS - ENCERRADO","RO"
"0164","PRORENOVA-IND- PROG APOIO RENOV IMPLANT NOVOS CANAVIAIS - ENCERRADO","RN"
"0164","PRORENOVA-IND- PROG APOIO RENOV IMPLANT NOVOS CANAVIAIS - ENCERRADO","RJ"
"0164","PRORENOVA-IND- PROG APOIO RENOV IMPLANT NOVOS CANAVIAIS - ENCERRADO","PR"
"0164","PRORENOVA-IND- PROG APOIO RENOV IMPLANT NOVOS CANAVIAIS - ENCERRADO","PI"
"0164","PRORENOVA-IND- PROG APOIO RENOV IMPLANT NOVOS CANAVIAIS - ENCERRADO","PE"
"0164","PRORENOVA-IND- PROG APOIO RENOV IMPLANT NOVOS CANAVIAIS - ENCERRADO","PB"
"0164","PRORENOVA-IND- PROG APOIO RENOV IMPLANT NOVOS CANAVIAIS - ENCERRADO","PA"
"0164","PRORENOVA-IND- PROG APOIO RENOV IMPLANT NOVOS CANAVIAIS - ENCERRADO","MT"
"0164","PRORENOVA-IND- PROG APOIO RENOV IMPLANT NOVOS CANAVIAIS - ENCERRADO","MS"
"0164","PRORENOVA-IND- PROG APOIO RENOV IMPLANT NOVOS CANAVIAIS - ENCERRADO","MG"
"0164","PRORENOVA-IND- PROG APOIO RENOV IMPLANT NOVOS CANAVIAIS - ENCERRADO","MA"
"0164","PRORENOVA-IND- PROG APOIO RENOV IMPLANT NOVOS CANAVIAIS - ENCERRADO","GO"
"0164","PRORENOVA-IND- PROG APOIO RENOV IMPLANT NOVOS CANAVIAIS - ENCERRADO","ES"
"0164","PRORENOVA-IND- PROG APOIO RENOV IMPLANT NOVOS CANAVIAIS - ENCERRADO","DF"
"0164","PRORENOVA-IND- PROG APOIO RENOV IMPLANT NOVOS CANAVIAIS - ENCERRADO","CE"
"0164","PRORENOVA-IND- PROG APOIO RENOV IMPLANT NOVOS CANAVIAIS - ENCERRADO","BA"
"0164","PRORENOVA-IND- PROG APOIO RENOV IMPLANT NOVOS CANAVIAIS - ENCERRADO","AP"
"0164","PRORENOVA-IND- PROG APOIO RENOV IMPLANT NOVOS CANAVIAIS - ENCERRADO","AM"
"0164","PRORENOVA-IND- PROG APOIO RENOV IMPLANT NOVOS CANAVIAIS - ENCERRADO","AL"
"0164","PRORENOVA-IND- PROG APOIO RENOV IMPLANT NOVOS CANAVIAIS - ENCERRADO","AC"
"0165","PROAQÜICULTURA-PROG APOIO DESENVSETOR AQUÍCOLA - ENCERRADO","TO"
"0165","PROAQÜICULTURA-PROG APOIO DESENVSETOR AQUÍCOLA - ENCERRADO","SP"
"0165","PROAQÜICULTURA-PROG APOIO DESENVSETOR AQUÍCOLA - ENCERRADO","SE"
"0165","PROAQÜICULTURA-PROG APOIO DESENVSETOR AQUÍCOLA - ENCERRADO","SC"
"0165","PROAQÜICULTURA-PROG APOIO DESENVSETOR AQUÍCOLA - ENCERRADO","RS"
"0165","PROAQÜICULTURA-PROG APOIO DESENVSETOR AQUÍCOLA - ENCERRADO","RR"
"0165","PROAQÜICULTURA-PROG APOIO DESENVSETOR AQUÍCOLA - ENCERRADO","RO"
"0165","PROAQÜICULTURA-PROG APOIO DESENVSETOR AQUÍCOLA - ENCERRADO","RN"
"0165","PROAQÜICULTURA-PROG APOIO DESENVSETOR AQUÍCOLA - ENCERRADO","RJ"
"0165","PROAQÜICULTURA-PROG APOIO DESENVSETOR AQUÍCOLA - ENCERRADO","PR"
"0165","PROAQÜICULTURA-PROG APOIO DESENVSETOR AQUÍCOLA - ENCERRADO","PI"
"0165","PROAQÜICULTURA-PROG APOIO DESENVSETOR AQUÍCOLA - ENCERRADO","PE"
"0165","PROAQÜICULTURA-PROG APOIO DESENVSETOR AQUÍCOLA - ENCERRADO","PB"
"0165","PROAQÜICULTURA-PROG APOIO DESENVSETOR AQUÍCOLA - ENCERRADO","PA"
"0165","PROAQÜICULTURA-PROG APOIO DESENVSETOR AQUÍCOLA - ENCERRADO","MT"
"0165","PROAQÜICULTURA-PROG APOIO DESENVSETOR AQUÍCOLA - ENCERRADO","MS"
"0165","PROAQÜICULTURA-PROG APOIO DESENVSETOR AQUÍCOLA - ENCERRADO","MG"
"0165","PROAQÜICULTURA-PROG APOIO DESENVSETOR AQUÍCOLA - ENCERRADO","MA"
"0165","PROAQÜICULTURA-PROG APOIO DESENVSETOR AQUÍCOLA - ENCERRADO","GO"
"0165","PROAQÜICULTURA-PROG APOIO DESENVSETOR AQUÍCOLA - ENCERRADO","ES"
"0165","PROAQÜICULTURA-PROG APOIO DESENVSETOR AQUÍCOLA - ENCERRADO","DF"
"0165","PROAQÜICULTURA-PROG APOIO DESENVSETOR AQUÍCOLA - ENCERRADO","CE"
"0165","PROAQÜICULTURA-PROG APOIO DESENVSETOR AQUÍCOLA - ENCERRADO","BA"
"0165","PROAQÜICULTURA-PROG APOIO DESENVSETOR AQUÍCOLA - ENCERRADO","AP"
"0165","PROAQÜICULTURA-PROG APOIO DESENVSETOR AQUÍCOLA - ENCERRADO","AM"
"0165","PROAQÜICULTURA-PROG APOIO DESENVSETOR AQUÍCOLA - ENCERRADO","AL"
"0165","PROAQÜICULTURA-PROG APOIO DESENVSETOR AQUÍCOLA - ENCERRADO","AC"
"0888","Outras Linhas de Crédito Rural não Especificadas - ENCERRADO","TO"
"0888","Outras Linhas de Crédito Rural não Especificadas - ENCERRADO","SP"
"0888","Outras Linhas de Crédito Rural não Especificadas - ENCERRADO","SE"
"0888","Outras Linhas de Crédito Rural não Especificadas - ENCERRADO","SC"
"0888","Outras Linhas de Crédito Rural não Especificadas - ENCERRADO","RS"
"0888","Outras Linhas de Crédito Rural não Especificadas - ENCERRADO","RR"
"0888","Outras Linhas de Crédito Rural não Especificadas - ENCERRADO","RO"
"0888","Outras Linhas de Crédito Rural não Especificadas - ENCERRADO","RN"
"0888","Outras Linhas de Crédito Rural não Especificadas - ENCERRADO","RJ"
"0888","Outras Linhas de Crédito Rural não Especificadas - ENCERRADO","PR"
"0888","Outras Linhas de Crédito Rural não Especificadas - ENCERRADO","PI"
"0888","Outras Linhas de Crédito Rural não Especificadas - ENCERRADO","PE"
"0888","Outras Linhas de Crédito Rural não Especificadas - ENCERRADO","PB"
"0888","Outras Linhas de Crédito Rural não Especificadas - ENCERRADO","PA"
"0888","Outras Linhas de Crédito Rural não Especificadas - ENCERRADO","MT"
"0888","Outras Linhas de Crédito Rural não Especificadas - ENCERRADO","MS"
"0888","Outras Linhas de Crédito Rural não Especificadas - ENCERRADO","MG"
"0888","Outras Linhas de Crédito Rural não Especificadas - ENCERRADO","MA"
"0888","Outras Linhas de Crédito Rural não Especificadas - ENCERRADO","GO"
"0888","Outras Linhas de Crédito Rural não Especificadas - ENCERRADO","ES"
"0888","Outras Linhas de Crédito Rural não Especificadas - ENCERRADO","DF"
"0888","Outras Linhas de Crédito Rural não Especificadas - ENCERRADO","CE"
"0888","Outras Linhas de Crédito Rural não Especificadas - ENCERRADO","BA"
"0888","Outras Linhas de Crédito Rural não Especificadas - ENCERRADO","AP"
"0888","Outras Linhas de Crédito Rural não Especificadas - ENCERRADO","AM"
"0888","Outras Linhas de Crédito Rural não Especificadas - ENCERRADO","AL"
"0888","Outras Linhas de Crédito Rural não Especificadas - ENCERRADO","AC"
"0786","Linha de Crédito Rural Instituída pela Res. 4.289/2013 (Renegociação Café Arábica) ENCERRADO","TO"
"0786","Linha de Crédito Rural Instituída pela Res. 4.289/2013 (Renegociação Café Arábica) ENCERRADO","SP"
"0786","Linha de Crédito Rural Instituída pela Res. 4.289/2013 (Renegociação Café Arábica) ENCERRADO","SE"
"0786","Linha de Crédito Rural Instituída pela Res. 4.289/2013 (Renegociação Café Arábica) ENCERRADO","SC"
"0786","Linha de Crédito Rural Instituída pela Res. 4.289/2013 (Renegociação Café Arábica) ENCERRADO","RS"
"0786","Linha de Crédito Rural Instituída pela Res. 4.289/2013 (Renegociação Café Arábica) ENCERRADO","RR"
"0786","Linha de Crédito Rural Instituída pela Res. 4.289/2013 (Renegociação Café Arábica) ENCERRADO","RO"
"0786","Linha de Crédito Rural Instituída pela Res. 4.289/2013 (Renegociação Café Arábica) ENCERRADO","RN"
"0786","Linha de Crédito Rural Instituída pela Res. 4.289/2013 (Renegociação Café Arábica) ENCERRADO","RJ"
"0786","Linha de Crédito Rural Instituída pela Res. 4.289/2013 (Renegociação Café Arábica) ENCERRADO","PR"
"0786","Linha de Crédito Rural Instituída pela Res. 4.289/2013 (Renegociação Café Arábica) ENCERRADO","PI"
"0786","Linha de Crédito Rural Instituída pela Res. 4.289/2013 (Renegociação Café Arábica) ENCERRADO","PE"
"0786","Linha de Crédito Rural Instituída pela Res. 4.289/2013 (Renegociação Café Arábica) ENCERRADO","PB"
"0786","Linha de Crédito Rural Instituída pela Res. 4.289/2013 (Renegociação Café Arábica) ENCERRADO","PA"
"0786","Linha de Crédito Rural Instituída pela Res. 4.289/2013 (Renegociação Café Arábica) ENCERRADO","MT"
"0786","Linha de Crédito Rural Instituída pela Res. 4.289/2013 (Renegociação Café Arábica) ENCERRADO","MS"
"0786","Linha de Crédito Rural Instituída pela Res. 4.289/2013 (Renegociação Café Arábica) ENCERRADO","MG"
"0786","Linha de Crédito Rural Instituída pela Res. 4.289/2013 (Renegociação Café Arábica) ENCERRADO","MA"
"0786","Linha de Crédito Rural Instituída pela Res. 4.289/2013 (Renegociação Café Arábica) ENCERRADO","GO"
"0786","Linha de Crédito Rural Instituída pela Res. 4.289/2013 (Renegociação Café Arábica) ENCERRADO","ES"
"0786","Linha de Crédito Rural Instituída pela Res. 4.289/2013 (Renegociação Café Arábica) ENCERRADO","DF"
"0786","Linha de Crédito Rural Instituída pela Res. 4.289/2013 (Renegociação Café Arábica) ENCERRADO","CE"
"0786","Linha de Crédito Rural Instituída pela Res. 4.289/2013 (Renegociação Café Arábica) ENCERRADO","BA"
"0786","Linha de Crédito Rural Instituída pela Res. 4.289/2013 (Renegociação Café Arábica) ENCERRADO","AP"
"0786","Linha de Crédito Rural Instituída pela Res. 4.289/2013 (Renegociação Café Arábica) ENCERRADO","AM"
"0786","Linha de Crédito Rural Instituída pela Res. 4.289/2013 (Renegociação Café Arábica) ENCERRADO","AL"
"0786","Linha de Crédito Rural Instituída pela Res. 4.289/2013 (Renegociação Café Arábica) ENCERRADO","AC"
"0070","FUNCAFÉ (PROGRAMA DE DEFESA DA ECONOMIA CAFEEIRA)","TO"
"0070","FUNCAFÉ (PROGRAMA DE DEFESA DA ECONOMIA CAFEEIRA)","SP"
"0070","FUNCAFÉ (PROGRAMA DE DEFESA DA ECONOMIA CAFEEIRA)","SE"
"0070","FUNCAFÉ (PROGRAMA DE DEFESA DA ECONOMIA CAFEEIRA)","SC"
"0070","FUNCAFÉ (PROGRAMA DE DEFESA DA ECONOMIA CAFEEIRA)","RS"
"0070","FUNCAFÉ (PROGRAMA DE DEFESA DA ECONOMIA CAFEEIRA)","RR"
"0070","FUNCAFÉ (PROGRAMA DE DEFESA DA ECONOMIA CAFEEIRA)","RO"
"0070","FUNCAFÉ (PROGRAMA DE DEFESA DA ECONOMIA CAFEEIRA)","RN"
"0070","FUNCAFÉ (PROGRAMA DE DEFESA DA ECONOMIA CAFEEIRA)","RJ"
"0070","FUNCAFÉ (PROGRAMA DE DEFESA DA ECONOMIA CAFEEIRA)","PR"
"0070","FUNCAFÉ (PROGRAMA DE DEFESA DA ECONOMIA CAFEEIRA)","PI"
"0070","FUNCAFÉ (PROGRAMA DE DEFESA DA ECONOMIA CAFEEIRA)","PE"
"0070","FUNCAFÉ (PROGRAMA DE DEFESA DA ECONOMIA CAFEEIRA)","PB"
"0070","FUNCAFÉ (PROGRAMA DE DEFESA DA ECONOMIA CAFEEIRA)","PA"
"0070","FUNCAFÉ (PROGRAMA DE DEFESA DA ECONOMIA CAFEEIRA)","MT"
"0070","FUNCAFÉ (PROGRAMA DE DEFESA DA ECONOMIA CAFEEIRA)","MS"
"0070","FUNCAFÉ (PROGRAMA DE DEFESA DA ECONOMIA CAFEEIRA)","MG"
"0070","FUNCAFÉ (PROGRAMA DE DEFESA DA ECONOMIA CAFEEIRA)","MA"
"0070","FUNCAFÉ (PROGRAMA DE DEFESA DA ECONOMIA CAFEEIRA)","GO"
"0070","FUNCAFÉ (PROGRAMA DE DEFESA DA ECONOMIA CAFEEIRA)","ES"
"0070","FUNCAFÉ (PROGRAMA DE DEFESA DA ECONOMIA CAFEEIRA)","DF"
"0070","FUNCAFÉ (PROGRAMA DE DEFESA DA ECONOMIA CAFEEIRA)","CE"
"0070","FUNCAFÉ (PROGRAMA DE DEFESA DA ECONOMIA CAFEEIRA)","BA"
"0070","FUNCAFÉ (PROGRAMA DE DEFESA DA ECONOMIA CAFEEIRA)","AP"
"0070","FUNCAFÉ (PROGRAMA DE DEFESA DA ECONOMIA CAFEEIRA)","AM"
"0070","FUNCAFÉ (PROGRAMA DE DEFESA DA ECONOMIA CAFEEIRA)","AL"
"0070","FUNCAFÉ (PROGRAMA DE DEFESA DA ECONOMIA CAFEEIRA)","AC"
"0999","FINANCIAMENTO SEM VÍNCULO A PROGRAMA ESPECÍFICO","TO"
"0999","FINANCIAMENTO SEM VÍNCULO A PROGRAMA ESPECÍFICO","SP"
"0999","FINANCIAMENTO SEM VÍNCULO A PROGRAMA ESPECÍFICO","SE"
"0999","FINANCIAMENTO SEM VÍNCULO A PROGRAMA ESPECÍFICO","SC"
"0999","FINANCIAMENTO SEM VÍNCULO A PROGRAMA ESPECÍFICO","RS"
"0999","FINANCIAMENTO SEM VÍNCULO A PROGRAMA ESPECÍFICO","RR"
"0999","FINANCIAMENTO SEM VÍNCULO A PROGRAMA ESPECÍFICO","RO"
"0999","FINANCIAMENTO SEM VÍNCULO A PROGRAMA ESPECÍFICO","RN"
"0999","FINANCIAMENTO SEM VÍNCULO A PROGRAMA ESPECÍFICO","RJ"
"0999","FINANCIAMENTO SEM VÍNCULO A PROGRAMA ESPECÍFICO","PR"
"0999","FINANCIAMENTO SEM VÍNCULO A PROGRAMA ESPECÍFICO","PI"
"0999","FINANCIAMENTO SEM VÍNCULO A PROGRAMA ESPECÍFICO","PE"
"0999","FINANCIAMENTO SEM VÍNCULO A PROGRAMA ESPECÍFICO","PB"
"0999","FINANCIAMENTO SEM VÍNCULO A PROGRAMA ESPECÍFICO","PA"
"0999","FINANCIAMENTO SEM VÍNCULO A PROGRAMA ESPECÍFICO","MT"
"0999","FINANCIAMENTO SEM VÍNCULO A PROGRAMA ESPECÍFICO","MS"
"0999","FINANCIAMENTO SEM VÍNCULO A PROGRAMA ESPECÍFICO","MG"
"0999","FINANCIAMENTO SEM VÍNCULO A PROGRAMA ESPECÍFICO","MA"
"0999","FINANCIAMENTO SEM VÍNCULO A PROGRAMA ESPECÍFICO","GO"
"0999","FINANCIAMENTO SEM VÍNCULO A PROGRAMA ESPECÍFICO","ES"
"0999","FINANCIAMENTO SEM VÍNCULO A PROGRAMA ESPECÍFICO","DF"
"0999","FINANCIAMENTO SEM VÍNCULO A PROGRAMA ESPECÍFICO","CE"
"0999","FINANCIAMENTO SEM VÍNCULO A PROGRAMA ESPECÍFICO","BA"
"0999","FINANCIAMENTO SEM VÍNCULO A PROGRAMA ESPECÍFICO","AP"
"0999","FINANCIAMENTO SEM VÍNCULO A PROGRAMA ESPECÍFICO","AM"
"0999","FINANCIAMENTO SEM VÍNCULO A PROGRAMA ESPECÍFICO","AL"
"0999","FINANCIAMENTO SEM VÍNCULO A PROGRAMA ESPECÍFICO","AC"
"0180","FNO-ABC (PROG FINANC AGRICULTURA BAIXO CARBONO) ENCERRADO","TO"
"0180","FNO-ABC (PROG FINANC AGRICULTURA BAIXO CARBONO) ENCERRADO","RR"
"0180","FNO-ABC (PROG FINANC AGRICULTURA BAIXO CARBONO) ENCERRADO","RO"
"0180","FNO-ABC (PROG FINANC AGRICULTURA BAIXO CARBONO) ENCERRADO","PA"
"0180","FNO-ABC (PROG FINANC AGRICULTURA BAIXO CARBONO) ENCERRADO","AP"
"0180","FNO-ABC (PROG FINANC AGRICULTURA BAIXO CARBONO) ENCERRADO","AM"
"0180","FNO-ABC (PROG FINANC AGRICULTURA BAIXO CARBONO) ENCERRADO","AC"
"0222","RenovAgro - Programa de Financiamento a Sistemas de Produção Agropecuária Sustentáveis","TO"
"0222","RenovAgro - Programa de Financiamento a Sistemas de Produção Agropecuária Sustentáveis","SP"
"0222","RenovAgro - Programa de Financiamento a Sistemas de Produção Agropecuária Sustentáveis","SE"
"0222","RenovAgro - Programa de Financiamento a Sistemas de Produção Agropecuária Sustentáveis","SC"
"0222","RenovAgro - Programa de Financiamento a Sistemas de Produção Agropecuária Sustentáveis","RS"
"0222","RenovAgro - Programa de Financiamento a Sistemas de Produção Agropecuária Sustentáveis","RR"
"0222","RenovAgro - Programa de Financiamento a Sistemas de Produção Agropecuária Sustentáveis","RO"
"0222","RenovAgro - Programa de Financiamento a Sistemas de Produção Agropecuária Sustentáveis","RN"
"0222","RenovAgro - Programa de Financiamento a Sistemas de Produção Agropecuária Sustentáveis","RJ"
"0222","RenovAgro - Programa de Financiamento a Sistemas de Produção Agropecuária Sustentáveis","PR"
"0222","RenovAgro - Programa de Financiamento a Sistemas de Produção Agropecuária Sustentáveis","PI"
"0222","RenovAgro - Programa de Financiamento a Sistemas de Produção Agropecuária Sustentáveis","PE"
"0222","RenovAgro - Programa de Financiamento a Sistemas de Produção Agropecuária Sustentáveis","PB"
"0222","RenovAgro - Programa de Financiamento a Sistemas de Produção Agropecuária Sustentáveis","PA"
"0222","RenovAgro - Programa de Financiamento a Sistemas de Produção Agropecuária Sustentáveis","MT"
"0222","RenovAgro - Programa de Financiamento a Sistemas de Produção Agropecuária Sustentáveis","MS"
"0222","RenovAgro - Programa de Financiamento a Sistemas de Produção Agropecuária Sustentáveis","MG"
"0222","RenovAgro - Programa de Financiamento a Sistemas de Produção Agropecuária Sustentáveis","MA"
"0222","RenovAgro - Programa de Financiamento a Sistemas de Produção Agropecuária Sustentáveis","GO"
"0222","RenovAgro - Programa de Financiamento a Sistemas de Produção Agropecuária Sustentáveis","ES"
"0222","RenovAgro - Programa de Financiamento a Sistemas de Produção Agropecuária Sustentáveis","DF"
"0222","RenovAgro - Programa de Financiamento a Sistemas de Produção Agropecuária Sustentáveis","CE"
"0222","RenovAgro - Programa de Financiamento a Sistemas de Produção Agropecuária Sustentáveis","BA"
"0222","RenovAgro - Programa de Financiamento a Sistemas de Produção Agropecuária Sustentáveis","AP"
"0222","RenovAgro - Programa de Financiamento a Sistemas de Produção Agropecuária Sustentáveis","AM"
"0222","RenovAgro - Programa de Financiamento a Sistemas de Produção Agropecuária Sustentáveis","AL"
"0222","RenovAgro - Programa de Financiamento a Sistemas de Produção Agropecuária Sustentáveis","AC"
